timestamp,broker,symbol,bid,ask,spread,spread_points,session,day_of_week
2026-01-16 10:26:44,Pepperstone Razor,XAUUSD,4609.39,4609.54,0.15,15,London,Friday
2026-01-16 10:26:47,FusionMarkets Zero,XAUUSD,4609.23,4609.29,0.06,6,London,Friday
2026-01-16 10:26:51,ThinkMarkets ThinkZero,XAUUSD,4609.05,4609.13,0.08,8,London,Friday
2026-01-16 10:26:53,ICMarkets Raw,XAUUSD,4609.0,4609.06,0.06,6,London,Friday
2026-01-16 10:26:56,VantageMarkets Raw,XAUUSD,4609.45,4609.53,0.08,8,London,Friday
2026-01-16 10:26:59,FPMarkets Raw,XAUUSD,4609.34,4609.41,0.07,7,London,Friday
2026-01-16 10:30:08,Pepperstone Razor,XAUUSD,4608.03,4608.26,0.23,23,London,Friday
2026-01-16 10:30:11,FusionMarkets Zero,XAUUSD,4608.26,4608.35,0.09,9,London,Friday
2026-01-16 10:30:14,ThinkMarkets ThinkZero,XAUUSD,4607.62,4607.7,0.08,8,London,Friday
2026-01-16 10:30:17,ICMarkets Raw,XAUUSD,4608.04,4608.15,0.11,11,London,Friday
2026-01-16 10:30:19,VantageMarkets Raw,XAUUSD,4607.71,4607.79,0.08,8,London,Friday
2026-01-16 10:30:22,FPMarkets Raw,XAUUSD,4607.91,4607.98,0.07,7,London,Friday
2026-01-16 10:31:08,Pepperstone Razor,XAUUSD,4608.66,4608.85,0.19,19,London,Friday
2026-01-16 10:31:11,FusionMarkets Zero,XAUUSD,4608.37,4608.47,0.1,10,London,Friday
2026-01-16 10:31:14,ThinkMarkets ThinkZero,XAUUSD,4608.69,4608.77,0.08,8,London,Friday
2026-01-16 10:31:17,ICMarkets Raw,XAUUSD,4608.61,4608.69,0.08,8,London,Friday
2026-01-16 10:31:20,VantageMarkets Raw,XAUUSD,4608.4,4608.48,0.08,8,London,Friday
2026-01-16 10:31:23,FPMarkets Raw,XAUUSD,4608.47,4608.54,0.07,7,London,Friday
2026-01-16 10:32:08,Pepperstone Razor,XAUUSD,4608.31,4608.53,0.22,22,London,Friday
2026-01-16 10:32:11,FusionMarkets Zero,XAUUSD,4608.45,4608.59,0.14,14,London,Friday
2026-01-16 10:32:14,ThinkMarkets ThinkZero,XAUUSD,4608.38,4608.46,0.08,8,London,Friday
2026-01-16 10:32:17,ICMarkets Raw,XAUUSD,4608.55,4608.66,0.11,11,London,Friday
2026-01-16 10:32:20,VantageMarkets Raw,XAUUSD,4608.5,4608.58,0.08,8,London,Friday
2026-01-16 10:32:22,FPMarkets Raw,XAUUSD,4608.77,4608.84,0.07,7,London,Friday
2026-01-16 10:33:08,Pepperstone Razor,XAUUSD,4608.32,4608.54,0.22,22,London,Friday
2026-01-16 10:33:11,FusionMarkets Zero,XAUUSD,4608.44,4608.58,0.14,14,London,Friday
2026-01-16 10:33:14,ThinkMarkets ThinkZero,XAUUSD,4608.43,4608.51,0.08,8,London,Friday
2026-01-16 10:33:17,ICMarkets Raw,XAUUSD,4608.61,4608.72,0.11,11,London,Friday
2026-01-16 10:33:20,VantageMarkets Raw,XAUUSD,4608.53,4608.61,0.08,8,London,Friday
2026-01-16 10:33:23,FPMarkets Raw,XAUUSD,4608.84,4608.91,0.07,7,London,Friday
2026-01-16 10:34:08,Pepperstone Razor,XAUUSD,4607.56,4607.76,0.2,20,London,Friday
2026-01-16 10:34:11,FusionMarkets Zero,XAUUSD,4607.53,4607.62,0.09,9,London,Friday
2026-01-16 10:34:14,ThinkMarkets ThinkZero,XAUUSD,4607.77,4607.85,0.08,8,London,Friday
2026-01-16 10:34:17,ICMarkets Raw,XAUUSD,4607.48,4607.54,0.06,6,London,Friday
2026-01-16 10:34:20,VantageMarkets Raw,XAUUSD,4607.46,4607.54,0.08,8,London,Friday
2026-01-16 10:34:23,FPMarkets Raw,XAUUSD,4606.83,4606.9,0.07,7,London,Friday
2026-01-16 10:35:08,Pepperstone Razor,XAUUSD,4605.45,4605.64,0.19,19,London,Friday
2026-01-16 10:35:11,FusionMarkets Zero,XAUUSD,4605.5,4605.64,0.14,14,London,Friday
2026-01-16 10:35:15,ThinkMarkets ThinkZero,XAUUSD,4605.41,4605.49,0.08,8,London,Friday
2026-01-16 10:35:17,ICMarkets Raw,XAUUSD,4605.47,4605.58,0.11,11,London,Friday
2026-01-16 10:35:20,VantageMarkets Raw,XAUUSD,4605.28,4605.36,0.08,8,London,Friday
2026-01-16 10:35:23,FPMarkets Raw,XAUUSD,4606.38,4606.45,0.07,7,London,Friday
2026-01-16 10:36:08,Pepperstone Razor,XAUUSD,4606.23,4606.37,0.14,14,London,Friday
2026-01-16 10:36:11,FusionMarkets Zero,XAUUSD,4606.06,4606.2,0.14,14,London,Friday
2026-01-16 10:36:14,ThinkMarkets ThinkZero,XAUUSD,4605.84,4605.92,0.08,8,London,Friday
2026-01-16 10:36:16,ICMarkets Raw,XAUUSD,4605.47,4605.58,0.11,11,London,Friday
2026-01-16 10:36:19,VantageMarkets Raw,XAUUSD,4605.7,4605.78,0.08,8,London,Friday
2026-01-16 10:36:22,FPMarkets Raw,XAUUSD,4606.2,4606.27,0.07,7,London,Friday
2026-01-16 10:37:08,Pepperstone Razor,XAUUSD,4604.52,4604.74,0.22,22,London,Friday
2026-01-16 10:37:11,FusionMarkets Zero,XAUUSD,4604.8,4604.92,0.12,12,London,Friday
2026-01-16 10:37:14,ThinkMarkets ThinkZero,XAUUSD,4605.43,4605.51,0.08,8,London,Friday
2026-01-16 10:37:17,ICMarkets Raw,XAUUSD,4605.12,4605.23,0.11,11,London,Friday
2026-01-16 10:37:20,VantageMarkets Raw,XAUUSD,4604.91,4604.99,0.08,8,London,Friday
2026-01-16 10:37:23,FPMarkets Raw,XAUUSD,4604.88,4604.95,0.07,7,London,Friday
2026-01-16 10:38:08,Pepperstone Razor,XAUUSD,4603.64,4603.79,0.15,15,London,Friday
2026-01-16 10:38:11,FusionMarkets Zero,XAUUSD,4604.21,4604.29,0.08,8,London,Friday
2026-01-16 10:38:15,ThinkMarkets ThinkZero,XAUUSD,4604.35,4604.43,0.08,8,London,Friday
2026-01-16 10:38:18,ICMarkets Raw,XAUUSD,4604.27,4604.32,0.05,5,London,Friday
2026-01-16 10:38:20,VantageMarkets Raw,XAUUSD,4604.33,4604.41,0.08,8,London,Friday
2026-01-16 10:38:23,FPMarkets Raw,XAUUSD,4604.71,4604.78,0.07,7,London,Friday
2026-01-16 10:39:08,Pepperstone Razor,XAUUSD,4605.07,4605.2,0.13,13,London,Friday
2026-01-16 10:39:11,FusionMarkets Zero,XAUUSD,4605.14,4605.19,0.05,5,London,Friday
2026-01-16 10:39:14,ThinkMarkets ThinkZero,XAUUSD,4604.83,4604.91,0.08,8,London,Friday
2026-01-16 10:39:17,ICMarkets Raw,XAUUSD,4605.26,4605.36,0.1,10,London,Friday
2026-01-16 10:39:20,VantageMarkets Raw,XAUUSD,4604.96,4605.04,0.08,8,London,Friday
2026-01-16 10:39:22,FPMarkets Raw,XAUUSD,4605.02,4605.09,0.07,7,London,Friday
2026-01-16 10:40:08,Pepperstone Razor,XAUUSD,4604.37,4604.55,0.18,18,London,Friday
2026-01-16 10:40:11,FusionMarkets Zero,XAUUSD,4604.33,4604.38,0.05,5,London,Friday
2026-01-16 10:40:14,ThinkMarkets ThinkZero,XAUUSD,4604.57,4604.65,0.08,8,London,Friday
2026-01-16 10:40:17,ICMarkets Raw,XAUUSD,4604.62,4604.69,0.07,7,London,Friday
2026-01-16 10:40:19,VantageMarkets Raw,XAUUSD,4604.85,4604.93,0.08,8,London,Friday
2026-01-16 10:40:22,FPMarkets Raw,XAUUSD,4604.75,4604.82,0.07,7,London,Friday
2026-01-16 10:41:08,Pepperstone Razor,XAUUSD,4604.27,4604.42,0.15,15,London,Friday
2026-01-16 10:41:11,FusionMarkets Zero,XAUUSD,4604.42,4604.47,0.05,5,London,Friday
2026-01-16 10:41:14,ThinkMarkets ThinkZero,XAUUSD,4604.49,4604.57,0.08,8,London,Friday
2026-01-16 10:41:17,ICMarkets Raw,XAUUSD,4604.54,4604.59,0.05,5,London,Friday
2026-01-16 10:41:19,VantageMarkets Raw,XAUUSD,4604.3,4604.38,0.08,8,London,Friday
2026-01-16 10:41:22,FPMarkets Raw,XAUUSD,4604.24,4604.31,0.07,7,London,Friday
2026-01-16 10:42:08,Pepperstone Razor,XAUUSD,4604.77,4605.02,0.25,25,London,Friday
2026-01-16 10:42:11,FusionMarkets Zero,XAUUSD,4604.72,4604.79,0.07,7,London,Friday
2026-01-16 10:42:15,ThinkMarkets ThinkZero,XAUUSD,4604.83,4604.91,0.08,8,London,Friday
2026-01-16 10:42:18,ICMarkets Raw,XAUUSD,4604.72,4604.82,0.1,10,London,Friday
2026-01-16 10:42:20,VantageMarkets Raw,XAUUSD,4604.84,4604.92,0.08,8,London,Friday
2026-01-16 10:42:23,FPMarkets Raw,XAUUSD,4604.92,4604.99,0.07,7,London,Friday
2026-01-16 10:43:08,Pepperstone Razor,XAUUSD,4604.83,4604.98,0.15,15,London,Friday
2026-01-16 10:43:11,FusionMarkets Zero,XAUUSD,4604.8,4604.85,0.05,5,London,Friday
2026-01-16 10:43:15,ThinkMarkets ThinkZero,XAUUSD,4604.73,4604.81,0.08,8,London,Friday
2026-01-16 10:43:18,ICMarkets Raw,XAUUSD,4604.49,4604.55,0.06,6,London,Friday
2026-01-16 10:43:20,VantageMarkets Raw,XAUUSD,4604.46,4604.54,0.08,8,London,Friday
2026-01-16 10:43:23,FPMarkets Raw,XAUUSD,4604.39,4604.46,0.07,7,London,Friday
2026-01-16 10:44:08,Pepperstone Razor,XAUUSD,4603.31,4603.51,0.2,20,London,Friday
2026-01-16 10:44:11,FusionMarkets Zero,XAUUSD,4603.35,4603.44,0.09,9,London,Friday
2026-01-16 10:44:14,ThinkMarkets ThinkZero,XAUUSD,4603.63,4603.71,0.08,8,London,Friday
2026-01-16 10:44:17,ICMarkets Raw,XAUUSD,4603.36,4603.43,0.07,7,London,Friday
2026-01-16 10:44:19,VantageMarkets Raw,XAUUSD,4603.59,4603.67,0.08,8,London,Friday
2026-01-16 10:44:22,FPMarkets Raw,XAUUSD,4603.37,4603.44,0.07,7,London,Friday
2026-01-16 10:45:08,Pepperstone Razor,XAUUSD,4602.06,4602.22,0.16,16,London,Friday
2026-01-16 10:45:11,FusionMarkets Zero,XAUUSD,4602.14,4602.19,0.05,5,London,Friday
2026-01-16 10:45:14,ThinkMarkets ThinkZero,XAUUSD,4602.3,4602.38,0.08,8,London,Friday
2026-01-16 10:45:17,ICMarkets Raw,XAUUSD,4601.98,4602.04,0.06,6,London,Friday
2026-01-16 10:45:20,VantageMarkets Raw,XAUUSD,4602.13,4602.21,0.08,8,London,Friday
2026-01-16 10:45:23,FPMarkets Raw,XAUUSD,4602.28,4602.35,0.07,7,London,Friday
2026-01-16 10:46:08,Pepperstone Razor,XAUUSD,4602.17,4602.3,0.13,13,London,Friday
2026-01-16 10:46:10,FusionMarkets Zero,XAUUSD,4601.88,4601.93,0.05,5,London,Friday
2026-01-16 10:46:14,ThinkMarkets ThinkZero,XAUUSD,4601.91,4601.99,0.08,8,London,Friday
2026-01-16 10:46:17,ICMarkets Raw,XAUUSD,4601.96,4602.01,0.05,5,London,Friday
2026-01-16 10:46:19,VantageMarkets Raw,XAUUSD,4601.85,4601.93,0.08,8,London,Friday
2026-01-16 10:46:22,FPMarkets Raw,XAUUSD,4601.72,4601.79,0.07,7,London,Friday
2026-01-16 10:47:08,Pepperstone Razor,XAUUSD,4602.73,4602.89,0.16,16,London,Friday
2026-01-16 10:47:11,FusionMarkets Zero,XAUUSD,4602.65,4602.71,0.06,6,London,Friday
2026-01-16 10:47:14,ThinkMarkets ThinkZero,XAUUSD,4602.62,4602.7,0.08,8,London,Friday
2026-01-16 10:47:17,ICMarkets Raw,XAUUSD,4602.25,4602.32,0.07,7,London,Friday
2026-01-16 10:47:20,VantageMarkets Raw,XAUUSD,4602.28,4602.36,0.08,8,London,Friday
2026-01-16 10:47:22,FPMarkets Raw,XAUUSD,4602.32,4602.39,0.07,7,London,Friday
2026-01-16 10:48:08,Pepperstone Razor,XAUUSD,4602.17,4602.36,0.19,19,London,Friday
2026-01-16 10:48:11,FusionMarkets Zero,XAUUSD,4602.09,4602.18,0.09,9,London,Friday
2026-01-16 10:48:15,ThinkMarkets ThinkZero,XAUUSD,4602.53,4602.61,0.08,8,London,Friday
2026-01-16 10:48:17,ICMarkets Raw,XAUUSD,4602.45,4602.53,0.08,8,London,Friday
2026-01-16 10:48:20,VantageMarkets Raw,XAUUSD,4602.46,4602.54,0.08,8,London,Friday
2026-01-16 10:48:22,FPMarkets Raw,XAUUSD,4602.6,4602.67,0.07,7,London,Friday
2026-01-16 10:49:08,Pepperstone Razor,XAUUSD,4602.05,4602.28,0.23,23,London,Friday
2026-01-16 10:49:11,FusionMarkets Zero,XAUUSD,4602.45,4602.57,0.12,12,London,Friday
2026-01-16 10:49:15,ThinkMarkets ThinkZero,XAUUSD,4602.52,4602.6,0.08,8,London,Friday
2026-01-16 10:49:17,ICMarkets Raw,XAUUSD,4602.14,4602.24,0.1,10,London,Friday
2026-01-16 10:49:20,VantageMarkets Raw,XAUUSD,4602.08,4602.16,0.08,8,London,Friday
2026-01-16 10:49:23,FPMarkets Raw,XAUUSD,4602.24,4602.31,0.07,7,London,Friday
2026-01-16 10:50:08,Pepperstone Razor,XAUUSD,4602.94,4603.11,0.17,17,London,Friday
2026-01-16 10:50:11,FusionMarkets Zero,XAUUSD,4603.12,4603.21,0.09,9,London,Friday
2026-01-16 10:50:14,ThinkMarkets ThinkZero,XAUUSD,4603.25,4603.33,0.08,8,London,Friday
2026-01-16 10:50:17,ICMarkets Raw,XAUUSD,4602.98,4603.04,0.06,6,London,Friday
2026-01-16 10:50:20,VantageMarkets Raw,XAUUSD,4602.69,4602.77,0.08,8,London,Friday
2026-01-16 10:50:23,FPMarkets Raw,XAUUSD,4602.49,4602.56,0.07,7,London,Friday
2026-01-16 10:51:08,Pepperstone Razor,XAUUSD,4603.12,4603.27,0.15,15,London,Friday
2026-01-16 10:51:11,FusionMarkets Zero,XAUUSD,4602.75,4602.86,0.11,11,London,Friday
2026-01-16 10:51:14,ThinkMarkets ThinkZero,XAUUSD,4602.94,4603.02,0.08,8,London,Friday
2026-01-16 10:51:17,ICMarkets Raw,XAUUSD,4602.92,4603.0,0.08,8,London,Friday
2026-01-16 10:51:20,VantageMarkets Raw,XAUUSD,4603.2,4603.28,0.08,8,London,Friday
2026-01-16 10:51:23,FPMarkets Raw,XAUUSD,4603.4,4603.47,0.07,7,London,Friday
2026-01-16 10:52:08,Pepperstone Razor,XAUUSD,4603.57,4603.83,0.26,26,London,Friday
2026-01-16 10:52:11,FusionMarkets Zero,XAUUSD,4603.35,4603.44,0.09,9,London,Friday
2026-01-16 10:52:15,ThinkMarkets ThinkZero,XAUUSD,4603.5,4603.58,0.08,8,London,Friday
2026-01-16 10:52:18,ICMarkets Raw,XAUUSD,4603.19,4603.26,0.07,7,London,Friday
2026-01-16 10:52:21,VantageMarkets Raw,XAUUSD,4603.17,4603.25,0.08,8,London,Friday
2026-01-16 10:52:24,FPMarkets Raw,XAUUSD,4603.31,4603.38,0.07,7,London,Friday
2026-01-16 10:53:08,Pepperstone Razor,XAUUSD,4604.42,4604.61,0.19,19,London,Friday
2026-01-16 10:53:11,FusionMarkets Zero,XAUUSD,4604.62,4604.71,0.09,9,London,Friday
2026-01-16 10:53:15,ThinkMarkets ThinkZero,XAUUSD,4604.39,4604.47,0.08,8,London,Friday
2026-01-16 10:53:18,ICMarkets Raw,XAUUSD,4604.76,4604.82,0.06,6,London,Friday
2026-01-16 10:53:21,VantageMarkets Raw,XAUUSD,4604.75,4604.83,0.08,8,London,Friday
2026-01-16 10:53:24,FPMarkets Raw,XAUUSD,4604.87,4604.94,0.07,7,London,Friday
2026-01-16 10:54:08,Pepperstone Razor,XAUUSD,4605.62,4605.79,0.17,17,London,Friday
2026-01-16 10:54:18,FusionMarkets Zero,XAUUSD,4606.13,4606.2,0.07,7,London,Friday
2026-01-16 10:54:22,ThinkMarkets ThinkZero,XAUUSD,4606.33,4606.41,0.08,8,London,Friday
2026-01-16 10:54:25,ICMarkets Raw,XAUUSD,4606.13,4606.19,0.06,6,London,Friday
2026-01-16 10:54:28,VantageMarkets Raw,XAUUSD,4606.11,4606.19,0.08,8,London,Friday
2026-01-16 10:54:31,FPMarkets Raw,XAUUSD,4606.91,4606.98,0.07,7,London,Friday
2026-01-16 10:55:08,Pepperstone Razor,XAUUSD,4606.83,4607.04,0.21,21,London,Friday
2026-01-16 10:55:12,FusionMarkets Zero,XAUUSD,4606.76,4606.94,0.18,18,London,Friday
2026-01-16 10:55:15,ThinkMarkets ThinkZero,XAUUSD,4606.71,4606.79,0.08,8,London,Friday
2026-01-16 10:55:18,ICMarkets Raw,XAUUSD,4607.06,4607.14,0.08,8,London,Friday
2026-01-16 10:55:21,VantageMarkets Raw,XAUUSD,4606.98,4607.06,0.08,8,London,Friday
2026-01-16 10:55:24,FPMarkets Raw,XAUUSD,4607.56,4607.63,0.07,7,London,Friday
2026-01-16 10:56:08,Pepperstone Razor,XAUUSD,4605.54,4605.74,0.2,20,London,Friday
2026-01-16 10:56:12,FusionMarkets Zero,XAUUSD,4605.3,4605.44,0.14,14,London,Friday
2026-01-16 10:56:15,ThinkMarkets ThinkZero,XAUUSD,4605.56,4605.64,0.08,8,London,Friday
2026-01-16 10:56:18,ICMarkets Raw,XAUUSD,4604.84,4604.95,0.11,11,London,Friday
2026-01-16 10:56:21,VantageMarkets Raw,XAUUSD,4604.84,4604.92,0.08,8,London,Friday
2026-01-16 10:56:24,FPMarkets Raw,XAUUSD,4604.31,4604.38,0.07,7,London,Friday
2026-01-16 10:57:08,Pepperstone Razor,XAUUSD,4603.4,4603.63,0.23,23,London,Friday
2026-01-16 10:57:12,FusionMarkets Zero,XAUUSD,4603.74,4603.87,0.13,13,London,Friday
2026-01-16 10:57:15,ThinkMarkets ThinkZero,XAUUSD,4604.02,4604.1,0.08,8,London,Friday
2026-01-16 10:57:18,ICMarkets Raw,XAUUSD,4604.45,4604.56,0.11,11,London,Friday
2026-01-16 10:57:21,VantageMarkets Raw,XAUUSD,4604.37,4604.45,0.08,8,London,Friday
2026-01-16 10:57:25,FPMarkets Raw,XAUUSD,4604.09,4604.16,0.07,7,London,Friday
2026-01-16 10:58:08,Pepperstone Razor,XAUUSD,4604.81,4604.97,0.16,16,London,Friday
2026-01-16 10:58:11,FusionMarkets Zero,XAUUSD,4604.6,4604.74,0.14,14,London,Friday
2026-01-16 10:58:15,ThinkMarkets ThinkZero,XAUUSD,4604.29,4604.37,0.08,8,London,Friday
2026-01-16 10:58:18,ICMarkets Raw,XAUUSD,4604.47,4604.58,0.11,11,London,Friday
2026-01-16 10:58:21,VantageMarkets Raw,XAUUSD,4604.55,4604.63,0.08,8,London,Friday
2026-01-16 10:58:24,FPMarkets Raw,XAUUSD,4604.64,4604.71,0.07,7,London,Friday
2026-01-16 10:59:08,Pepperstone Razor,XAUUSD,4603.26,4603.4,0.14,14,London,Friday
2026-01-16 10:59:12,FusionMarkets Zero,XAUUSD,4603.19,4603.28,0.09,9,London,Friday
2026-01-16 10:59:15,ThinkMarkets ThinkZero,XAUUSD,4602.99,4603.07,0.08,8,London,Friday
2026-01-16 10:59:18,ICMarkets Raw,XAUUSD,4603.14,4603.2,0.06,6,London,Friday
2026-01-16 10:59:21,VantageMarkets Raw,XAUUSD,4603.11,4603.19,0.08,8,London,Friday
2026-01-16 10:59:24,FPMarkets Raw,XAUUSD,4603.06,4603.13,0.07,7,London,Friday
2026-01-16 11:00:08,Pepperstone Razor,XAUUSD,4602.44,4602.62,0.18,18,London,Friday
2026-01-16 11:00:10,FusionMarkets Zero,XAUUSD,4603.24,4603.33,0.09,9,London,Friday
2026-01-16 11:00:13,ThinkMarkets ThinkZero,XAUUSD,4603.25,4603.33,0.08,8,London,Friday
2026-01-16 11:00:16,ICMarkets Raw,XAUUSD,4603.25,4603.35,0.1,10,London,Friday
2026-01-16 11:00:19,VantageMarkets Raw,XAUUSD,4603.81,4603.89,0.08,8,London,Friday
2026-01-16 11:00:21,FPMarkets Raw,XAUUSD,4604.02,4604.09,0.07,7,London,Friday
2026-01-16 11:01:07,Pepperstone Razor,XAUUSD,4603.71,4603.89,0.18,18,London,Friday
2026-01-16 11:01:10,FusionMarkets Zero,XAUUSD,4603.87,4603.94,0.07,7,London,Friday
2026-01-16 11:01:13,ThinkMarkets ThinkZero,XAUUSD,4604.14,4604.22,0.08,8,London,Friday
2026-01-16 11:01:15,ICMarkets Raw,XAUUSD,4603.8,4603.86,0.06,6,London,Friday
2026-01-16 11:01:18,VantageMarkets Raw,XAUUSD,4603.73,4603.81,0.08,8,London,Friday
2026-01-16 11:01:20,FPMarkets Raw,XAUUSD,4603.66,4603.73,0.07,7,London,Friday
2026-01-16 11:02:07,Pepperstone Razor,XAUUSD,4602.6,4602.73,0.13,13,London,Friday
2026-01-16 11:02:10,FusionMarkets Zero,XAUUSD,4602.62,4602.72,0.1,10,London,Friday
2026-01-16 11:02:13,ThinkMarkets ThinkZero,XAUUSD,4602.87,4602.95,0.08,8,London,Friday
2026-01-16 11:02:16,ICMarkets Raw,XAUUSD,4602.62,4602.68,0.06,6,London,Friday
2026-01-16 11:02:18,VantageMarkets Raw,XAUUSD,4602.71,4602.79,0.08,8,London,Friday
2026-01-16 11:02:21,FPMarkets Raw,XAUUSD,4602.58,4602.65,0.07,7,London,Friday
2026-01-16 11:03:07,Pepperstone Razor,XAUUSD,4602.92,4603.08,0.16,16,London,Friday
2026-01-16 11:03:10,FusionMarkets Zero,XAUUSD,4603.13,4603.18,0.05,5,London,Friday
2026-01-16 11:03:13,ThinkMarkets ThinkZero,XAUUSD,4603.36,4603.44,0.08,8,London,Friday
2026-01-16 11:03:16,ICMarkets Raw,XAUUSD,4603.35,4603.41,0.06,6,London,Friday
2026-01-16 11:03:18,VantageMarkets Raw,XAUUSD,4603.52,4603.6,0.08,8,London,Friday
2026-01-16 11:03:20,FPMarkets Raw,XAUUSD,4603.96,4604.03,0.07,7,London,Friday
2026-01-16 11:04:07,Pepperstone Razor,XAUUSD,4604.18,4604.31,0.13,13,London,Friday
2026-01-16 11:04:10,FusionMarkets Zero,XAUUSD,4604.22,4604.27,0.05,5,London,Friday
2026-01-16 11:04:13,ThinkMarkets ThinkZero,XAUUSD,4604.42,4604.5,0.08,8,London,Friday
2026-01-16 11:04:15,ICMarkets Raw,XAUUSD,4604.14,4604.19,0.05,5,London,Friday
2026-01-16 11:04:18,VantageMarkets Raw,XAUUSD,4603.99,4604.07,0.08,8,London,Friday
2026-01-16 11:04:21,FPMarkets Raw,XAUUSD,4603.86,4603.93,0.07,7,London,Friday
2026-01-16 11:05:08,Pepperstone Razor,XAUUSD,4604.56,4604.76,0.2,20,London,Friday
2026-01-16 11:05:10,FusionMarkets Zero,XAUUSD,4604.81,4604.86,0.05,5,London,Friday
2026-01-16 11:05:13,ThinkMarkets ThinkZero,XAUUSD,4605.07,4605.15,0.08,8,London,Friday
2026-01-16 11:05:16,ICMarkets Raw,XAUUSD,4604.94,4605.01,0.07,7,London,Friday
2026-01-16 11:05:18,VantageMarkets Raw,XAUUSD,4605.08,4605.16,0.08,8,London,Friday
2026-01-16 11:05:21,FPMarkets Raw,XAUUSD,4605.29,4605.36,0.07,7,London,Friday
2026-01-16 11:06:08,Pepperstone Razor,XAUUSD,4607.33,4607.63,0.3,30,London,Friday
2026-01-16 11:06:10,FusionMarkets Zero,XAUUSD,4607.6,4607.74,0.14,14,London,Friday
2026-01-16 11:06:13,ThinkMarkets ThinkZero,XAUUSD,4607.8,4607.88,0.08,8,London,Friday
2026-01-16 11:06:15,ICMarkets Raw,XAUUSD,4607.52,4607.63,0.11,11,London,Friday
2026-01-16 11:06:18,VantageMarkets Raw,XAUUSD,4607.47,4607.55,0.08,8,London,Friday
2026-01-16 11:06:20,FPMarkets Raw,XAUUSD,4607.52,4607.59,0.07,7,London,Friday
2026-01-16 11:07:07,Pepperstone Razor,XAUUSD,4606.95,4607.18,0.23,23,London,Friday
2026-01-16 11:07:10,FusionMarkets Zero,XAUUSD,4606.54,4606.66,0.12,12,London,Friday
2026-01-16 11:07:13,ThinkMarkets ThinkZero,XAUUSD,4606.51,4606.59,0.08,8,London,Friday
2026-01-16 11:07:15,ICMarkets Raw,XAUUSD,4606.63,4606.73,0.1,10,London,Friday
2026-01-16 11:07:18,VantageMarkets Raw,XAUUSD,4606.56,4606.64,0.08,8,London,Friday
2026-01-16 11:07:21,FPMarkets Raw,XAUUSD,4606.98,4607.05,0.07,7,London,Friday
2026-01-16 11:08:07,Pepperstone Razor,XAUUSD,4607.15,4607.31,0.16,16,London,Friday
2026-01-16 11:08:10,FusionMarkets Zero,XAUUSD,4606.95,4607.03,0.08,8,London,Friday
2026-01-16 11:08:13,ThinkMarkets ThinkZero,XAUUSD,4606.56,4606.64,0.08,8,London,Friday
2026-01-16 11:08:16,ICMarkets Raw,XAUUSD,4606.83,4606.88,0.05,5,London,Friday
2026-01-16 11:08:18,VantageMarkets Raw,XAUUSD,4606.82,4606.9,0.08,8,London,Friday
2026-01-16 11:08:21,FPMarkets Raw,XAUUSD,4606.95,4607.02,0.07,7,London,Friday
2026-01-16 11:09:08,Pepperstone Razor,XAUUSD,4606.4,4606.6,0.2,20,London,Friday
2026-01-16 11:09:10,FusionMarkets Zero,XAUUSD,4606.06,4606.15,0.09,9,London,Friday
2026-01-16 11:09:14,ThinkMarkets ThinkZero,XAUUSD,4605.69,4605.77,0.08,8,London,Friday
2026-01-16 11:09:16,ICMarkets Raw,XAUUSD,4605.86,4605.94,0.08,8,London,Friday
2026-01-16 11:09:19,VantageMarkets Raw,XAUUSD,4605.79,4605.87,0.08,8,London,Friday
2026-01-16 11:09:21,FPMarkets Raw,XAUUSD,4605.5,4605.57,0.07,7,London,Friday
2026-01-16 11:10:08,Pepperstone Razor,XAUUSD,4605.7,4605.86,0.16,16,London,Friday
2026-01-16 11:10:10,FusionMarkets Zero,XAUUSD,4605.89,4606.01,0.12,12,London,Friday
2026-01-16 11:10:13,ThinkMarkets ThinkZero,XAUUSD,4605.98,4606.06,0.08,8,London,Friday
2026-01-16 11:10:15,ICMarkets Raw,XAUUSD,4606.13,4606.19,0.06,6,London,Friday
2026-01-16 11:10:18,VantageMarkets Raw,XAUUSD,4605.98,4606.06,0.08,8,London,Friday
2026-01-16 11:10:21,FPMarkets Raw,XAUUSD,4605.9,4605.97,0.07,7,London,Friday
2026-01-16 11:11:08,Pepperstone Razor,XAUUSD,4605.08,4605.24,0.16,16,London,Friday
2026-01-16 11:11:10,FusionMarkets Zero,XAUUSD,4604.97,4605.03,0.06,6,London,Friday
2026-01-16 11:11:13,ThinkMarkets ThinkZero,XAUUSD,4604.42,4604.5,0.08,8,London,Friday
2026-01-16 11:11:16,ICMarkets Raw,XAUUSD,4604.63,4604.7,0.07,7,London,Friday
2026-01-16 11:11:19,VantageMarkets Raw,XAUUSD,4604.61,4604.69,0.08,8,London,Friday
2026-01-16 11:11:22,FPMarkets Raw,XAUUSD,4604.67,4604.74,0.07,7,London,Friday
2026-01-16 11:12:08,Pepperstone Razor,XAUUSD,4604.86,4605.01,0.15,15,London,Friday
2026-01-16 11:12:11,FusionMarkets Zero,XAUUSD,4604.96,4605.01,0.05,5,London,Friday
2026-01-16 11:12:14,ThinkMarkets ThinkZero,XAUUSD,4604.85,4604.93,0.08,8,London,Friday
2026-01-16 11:12:17,ICMarkets Raw,XAUUSD,4605.63,4605.68,0.05,5,London,Friday
2026-01-16 11:12:19,VantageMarkets Raw,XAUUSD,4605.63,4605.71,0.08,8,London,Friday
2026-01-16 11:12:22,FPMarkets Raw,XAUUSD,4605.24,4605.31,0.07,7,London,Friday
2026-01-16 11:13:07,Pepperstone Razor,XAUUSD,4605.02,4605.17,0.15,15,London,Friday
2026-01-16 11:13:10,FusionMarkets Zero,XAUUSD,4605.22,4605.27,0.05,5,London,Friday
2026-01-16 11:13:13,ThinkMarkets ThinkZero,XAUUSD,4605.49,4605.57,0.08,8,London,Friday
2026-01-16 11:13:16,ICMarkets Raw,XAUUSD,4605.38,4605.43,0.05,5,London,Friday
2026-01-16 11:13:19,VantageMarkets Raw,XAUUSD,4605.38,4605.46,0.08,8,London,Friday
2026-01-16 11:13:21,FPMarkets Raw,XAUUSD,4604.87,4604.94,0.07,7,London,Friday
2026-01-16 11:14:08,Pepperstone Razor,XAUUSD,4605.04,4605.17,0.13,13,London,Friday
2026-01-16 11:14:11,FusionMarkets Zero,XAUUSD,4605.21,4605.26,0.05,5,London,Friday
2026-01-16 11:14:14,ThinkMarkets ThinkZero,XAUUSD,4604.97,4605.05,0.08,8,London,Friday
2026-01-16 11:14:16,ICMarkets Raw,XAUUSD,4605.27,4605.32,0.05,5,London,Friday
2026-01-16 11:14:19,VantageMarkets Raw,XAUUSD,4605.15,4605.23,0.08,8,London,Friday
2026-01-16 11:14:22,FPMarkets Raw,XAUUSD,4605.02,4605.09,0.07,7,London,Friday
2026-01-16 11:15:08,Pepperstone Razor,XAUUSD,4604.83,4604.94,0.11,11,London,Friday
2026-01-16 11:15:11,FusionMarkets Zero,XAUUSD,4604.95,4605.01,0.06,6,London,Friday
2026-01-16 11:15:14,ThinkMarkets ThinkZero,XAUUSD,4604.69,4604.77,0.08,8,London,Friday
2026-01-16 11:15:17,ICMarkets Raw,XAUUSD,4604.92,4604.97,0.05,5,London,Friday
2026-01-16 11:15:19,VantageMarkets Raw,XAUUSD,4604.67,4604.75,0.08,8,London,Friday
2026-01-16 11:15:22,FPMarkets Raw,XAUUSD,4604.55,4604.62,0.07,7,London,Friday
2026-01-16 11:16:08,Pepperstone Razor,XAUUSD,4603.26,4603.41,0.15,15,London,Friday
2026-01-16 11:16:11,FusionMarkets Zero,XAUUSD,4603.1,4603.15,0.05,5,London,Friday
2026-01-16 11:16:14,ThinkMarkets ThinkZero,XAUUSD,4603.49,4603.57,0.08,8,London,Friday
2026-01-16 11:16:16,ICMarkets Raw,XAUUSD,4603.15,4603.2,0.05,5,London,Friday
2026-01-16 11:16:19,VantageMarkets Raw,XAUUSD,4603.3,4603.38,0.08,8,London,Friday
2026-01-16 11:16:21,FPMarkets Raw,XAUUSD,4603.38,4603.45,0.07,7,London,Friday
2026-01-16 11:17:08,Pepperstone Razor,XAUUSD,4602.63,4602.79,0.16,16,London,Friday
2026-01-16 11:17:10,FusionMarkets Zero,XAUUSD,4602.84,4602.92,0.08,8,London,Friday
2026-01-16 11:17:13,ThinkMarkets ThinkZero,XAUUSD,4602.94,4603.02,0.08,8,London,Friday
2026-01-16 11:17:16,ICMarkets Raw,XAUUSD,4602.87,4602.95,0.08,8,London,Friday
2026-01-16 11:17:18,VantageMarkets Raw,XAUUSD,4602.8,4602.88,0.08,8,London,Friday
2026-01-16 11:17:21,FPMarkets Raw,XAUUSD,4602.77,4602.84,0.07,7,London,Friday
2026-01-16 11:18:08,Pepperstone Razor,XAUUSD,4603.39,4603.55,0.16,16,London,Friday
2026-01-16 11:18:11,FusionMarkets Zero,XAUUSD,4603.68,4603.79,0.11,11,London,Friday
2026-01-16 11:18:14,ThinkMarkets ThinkZero,XAUUSD,4603.71,4603.79,0.08,8,London,Friday
2026-01-16 11:18:16,ICMarkets Raw,XAUUSD,4603.83,4603.92,0.09,9,London,Friday
2026-01-16 11:18:19,VantageMarkets Raw,XAUUSD,4603.85,4603.93,0.08,8,London,Friday
2026-01-16 11:18:22,FPMarkets Raw,XAUUSD,4603.87,4603.94,0.07,7,London,Friday
2026-01-16 11:19:08,Pepperstone Razor,XAUUSD,4603.77,4603.96,0.19,19,London,Friday
2026-01-16 11:19:10,FusionMarkets Zero,XAUUSD,4603.92,4604.04,0.12,12,London,Friday
2026-01-16 11:19:13,ThinkMarkets ThinkZero,XAUUSD,4604.12,4604.2,0.08,8,London,Friday
2026-01-16 11:19:16,ICMarkets Raw,XAUUSD,4603.91,4604.02,0.11,11,London,Friday
2026-01-16 11:19:18,VantageMarkets Raw,XAUUSD,4603.96,4604.04,0.08,8,London,Friday
2026-01-16 11:19:21,FPMarkets Raw,XAUUSD,4604.04,4604.11,0.07,7,London,Friday
2026-01-16 11:20:08,Pepperstone Razor,XAUUSD,4603.72,4603.84,0.12,12,London,Friday
2026-01-16 11:20:11,FusionMarkets Zero,XAUUSD,4603.61,4603.69,0.08,8,London,Friday
2026-01-16 11:20:14,ThinkMarkets ThinkZero,XAUUSD,4603.84,4603.92,0.08,8,London,Friday
2026-01-16 11:20:17,ICMarkets Raw,XAUUSD,4603.68,4603.74,0.06,6,London,Friday
2026-01-16 11:20:20,VantageMarkets Raw,XAUUSD,4603.75,4603.83,0.08,8,London,Friday
2026-01-16 11:20:23,FPMarkets Raw,XAUUSD,4603.63,4603.7,0.07,7,London,Friday
2026-01-16 11:21:08,Pepperstone Razor,XAUUSD,4604.32,4604.47,0.15,15,London,Friday
2026-01-16 11:21:10,FusionMarkets Zero,XAUUSD,4603.98,4604.05,0.07,7,London,Friday
2026-01-16 11:21:13,ThinkMarkets ThinkZero,XAUUSD,4603.97,4604.05,0.08,8,London,Friday
2026-01-16 11:21:16,ICMarkets Raw,XAUUSD,4603.7,4603.77,0.07,7,London,Friday
2026-01-16 11:21:19,VantageMarkets Raw,XAUUSD,4603.91,4603.99,0.08,8,London,Friday
2026-01-16 11:21:22,FPMarkets Raw,XAUUSD,4604.06,4604.13,0.07,7,London,Friday
2026-01-16 11:22:08,Pepperstone Razor,XAUUSD,4604.1,4604.25,0.15,15,London,Friday
2026-01-16 11:22:12,FusionMarkets Zero,XAUUSD,4603.98,4604.03,0.05,5,London,Friday
2026-01-16 11:22:15,ThinkMarkets ThinkZero,XAUUSD,4603.83,4603.91,0.08,8,London,Friday
2026-01-16 11:22:17,ICMarkets Raw,XAUUSD,4603.9,4603.97,0.07,7,London,Friday
2026-01-16 11:22:20,VantageMarkets Raw,XAUUSD,4603.9,4603.98,0.08,8,London,Friday
2026-01-16 11:22:23,FPMarkets Raw,XAUUSD,4603.78,4603.85,0.07,7,London,Friday
2026-01-16 11:23:08,Pepperstone Razor,XAUUSD,4603.13,4603.29,0.16,16,London,Friday
2026-01-16 11:23:10,FusionMarkets Zero,XAUUSD,4603.18,4603.23,0.05,5,London,Friday
2026-01-16 11:23:14,ThinkMarkets ThinkZero,XAUUSD,4602.96,4603.04,0.08,8,London,Friday
2026-01-16 11:23:17,ICMarkets Raw,XAUUSD,4603.64,4603.74,0.1,10,London,Friday
2026-01-16 11:23:19,VantageMarkets Raw,XAUUSD,4603.74,4603.82,0.08,8,London,Friday
2026-01-16 11:23:22,FPMarkets Raw,XAUUSD,4603.26,4603.33,0.07,7,London,Friday
2026-01-16 11:24:08,Pepperstone Razor,XAUUSD,4602.32,4602.52,0.2,20,London,Friday
2026-01-16 11:24:11,FusionMarkets Zero,XAUUSD,4602.11,4602.24,0.13,13,London,Friday
2026-01-16 11:24:14,ThinkMarkets ThinkZero,XAUUSD,4602.48,4602.56,0.08,8,London,Friday
2026-01-16 11:24:16,ICMarkets Raw,XAUUSD,4602.28,4602.38,0.1,10,London,Friday
2026-01-16 11:24:19,VantageMarkets Raw,XAUUSD,4602.51,4602.59,0.08,8,London,Friday
2026-01-16 11:24:22,FPMarkets Raw,XAUUSD,4602.31,4602.38,0.07,7,London,Friday
2026-01-16 11:25:08,Pepperstone Razor,XAUUSD,4602.01,4602.22,0.21,21,London,Friday
2026-01-16 11:25:18,FusionMarkets Zero,XAUUSD,4601.53,4601.67,0.14,14,London,Friday
2026-01-16 11:25:21,ThinkMarkets ThinkZero,XAUUSD,4601.76,4601.84,0.08,8,London,Friday
2026-01-16 11:25:24,ICMarkets Raw,XAUUSD,4601.46,4601.69,0.23,23,London,Friday
2026-01-16 11:25:27,VantageMarkets Raw,XAUUSD,4601.77,4601.85,0.08,8,London,Friday
2026-01-16 11:25:30,FPMarkets Raw,XAUUSD,4601.67,4601.74,0.07,7,London,Friday
2026-01-16 11:26:08,Pepperstone Razor,XAUUSD,4601.28,4601.49,0.21,21,London,Friday
2026-01-16 11:26:11,FusionMarkets Zero,XAUUSD,4601.19,4601.32,0.13,13,London,Friday
2026-01-16 11:26:14,ThinkMarkets ThinkZero,XAUUSD,4601.46,4601.54,0.08,8,London,Friday
2026-01-16 11:26:17,ICMarkets Raw,XAUUSD,4601.29,4601.39,0.1,10,London,Friday
2026-01-16 11:26:19,VantageMarkets Raw,XAUUSD,4601.37,4601.45,0.08,8,London,Friday
2026-01-16 11:26:22,FPMarkets Raw,XAUUSD,4601.36,4601.43,0.07,7,London,Friday
2026-01-16 11:27:08,Pepperstone Razor,XAUUSD,4600.72,4600.85,0.13,13,London,Friday
2026-01-16 11:27:11,FusionMarkets Zero,XAUUSD,4600.8,4600.86,0.06,6,London,Friday
2026-01-16 11:27:15,ThinkMarkets ThinkZero,XAUUSD,4601.04,4601.12,0.08,8,London,Friday
2026-01-16 11:27:18,ICMarkets Raw,XAUUSD,4600.86,4600.91,0.05,5,London,Friday
2026-01-16 11:27:21,VantageMarkets Raw,XAUUSD,4600.65,4600.73,0.08,8,London,Friday
2026-01-16 11:27:24,FPMarkets Raw,XAUUSD,4600.72,4600.79,0.07,7,London,Friday
2026-01-16 11:28:08,Pepperstone Razor,XAUUSD,4600.36,4600.58,0.22,22,London,Friday
2026-01-16 11:28:11,FusionMarkets Zero,XAUUSD,4600.21,4600.26,0.05,5,London,Friday
2026-01-16 11:28:14,ThinkMarkets ThinkZero,XAUUSD,4599.77,4599.85,0.08,8,London,Friday
2026-01-16 11:28:17,ICMarkets Raw,XAUUSD,4599.97,4600.08,0.11,11,London,Friday
2026-01-16 11:28:19,VantageMarkets Raw,XAUUSD,4599.96,4600.04,0.08,8,London,Friday
2026-01-16 11:28:22,FPMarkets Raw,XAUUSD,4599.72,4599.79,0.07,7,London,Friday
2026-01-16 11:29:08,Pepperstone Razor,XAUUSD,4599.94,4600.1,0.16,16,London,Friday
2026-01-16 11:29:11,FusionMarkets Zero,XAUUSD,4599.95,4600.01,0.06,6,London,Friday
2026-01-16 11:29:14,ThinkMarkets ThinkZero,XAUUSD,4599.89,4599.97,0.08,8,London,Friday
2026-01-16 11:29:18,ICMarkets Raw,XAUUSD,4600.16,4600.21,0.05,5,London,Friday
2026-01-16 11:29:20,VantageMarkets Raw,XAUUSD,4600.14,4600.22,0.08,8,London,Friday
2026-01-16 11:29:23,FPMarkets Raw,XAUUSD,4600.17,4600.24,0.07,7,London,Friday
2026-01-16 11:30:08,Pepperstone Razor,XAUUSD,4601.59,4601.77,0.18,18,London,Friday
2026-01-16 11:30:11,FusionMarkets Zero,XAUUSD,4601.58,4601.71,0.13,13,London,Friday
2026-01-16 11:30:14,ThinkMarkets ThinkZero,XAUUSD,4601.73,4601.81,0.08,8,London,Friday
2026-01-16 11:30:18,ICMarkets Raw,XAUUSD,4601.65,4601.75,0.1,10,London,Friday
2026-01-16 11:30:20,VantageMarkets Raw,XAUUSD,4601.48,4601.56,0.08,8,London,Friday
2026-01-16 11:30:23,FPMarkets Raw,XAUUSD,4601.44,4601.51,0.07,7,London,Friday
2026-01-16 11:31:08,Pepperstone Razor,XAUUSD,4600.7,4600.88,0.18,18,London,Friday
2026-01-16 11:31:11,FusionMarkets Zero,XAUUSD,4600.75,4600.8,0.05,5,London,Friday
2026-01-16 11:31:15,ThinkMarkets ThinkZero,XAUUSD,4600.83,4600.91,0.08,8,London,Friday
2026-01-16 11:31:18,ICMarkets Raw,XAUUSD,4600.76,4600.81,0.05,5,London,Friday
2026-01-16 11:31:21,VantageMarkets Raw,XAUUSD,4600.69,4600.77,0.08,8,London,Friday
2026-01-16 11:31:23,FPMarkets Raw,XAUUSD,4600.59,4600.66,0.07,7,London,Friday
2026-01-16 11:32:08,Pepperstone Razor,XAUUSD,4600.37,4600.52,0.15,15,London,Friday
2026-01-16 11:32:11,FusionMarkets Zero,XAUUSD,4600.46,4600.51,0.05,5,London,Friday
2026-01-16 11:32:15,ThinkMarkets ThinkZero,XAUUSD,4600.59,4600.67,0.08,8,London,Friday
2026-01-16 11:32:18,ICMarkets Raw,XAUUSD,4600.52,4600.57,0.05,5,London,Friday
2026-01-16 11:32:21,VantageMarkets Raw,XAUUSD,4600.46,4600.54,0.08,8,London,Friday
2026-01-16 11:32:24,FPMarkets Raw,XAUUSD,4600.47,4600.54,0.07,7,London,Friday
2026-01-16 11:33:12,Pepperstone Razor,XAUUSD,4599.3,4599.47,0.17,17,London,Friday
2026-01-16 11:33:15,FusionMarkets Zero,XAUUSD,4599.29,4599.34,0.05,5,London,Friday
2026-01-16 11:33:18,ThinkMarkets ThinkZero,XAUUSD,4599.48,4599.56,0.08,8,London,Friday
2026-01-16 11:33:21,ICMarkets Raw,XAUUSD,4599.78,4599.88,0.1,10,London,Friday
2026-01-16 11:33:24,VantageMarkets Raw,XAUUSD,4599.72,4599.8,0.08,8,London,Friday
2026-01-16 11:33:27,FPMarkets Raw,XAUUSD,4599.7,4599.77,0.07,7,London,Friday
2026-01-16 11:34:08,Pepperstone Razor,XAUUSD,4599.89,4600.05,0.16,16,London,Friday
2026-01-16 11:34:11,FusionMarkets Zero,XAUUSD,4599.76,4599.82,0.06,6,London,Friday
2026-01-16 11:34:15,ThinkMarkets ThinkZero,XAUUSD,4599.51,4599.59,0.08,8,London,Friday
2026-01-16 11:34:18,ICMarkets Raw,XAUUSD,4599.67,4599.72,0.05,5,London,Friday
2026-01-16 11:34:21,VantageMarkets Raw,XAUUSD,4599.65,4599.73,0.08,8,London,Friday
2026-01-16 11:34:24,FPMarkets Raw,XAUUSD,4599.43,4599.5,0.07,7,London,Friday
2026-01-16 11:35:08,Pepperstone Razor,XAUUSD,4599.81,4600.0,0.19,19,London,Friday
2026-01-16 11:35:11,FusionMarkets Zero,XAUUSD,4599.76,4599.82,0.06,6,London,Friday
2026-01-16 11:35:15,ThinkMarkets ThinkZero,XAUUSD,4599.52,4599.6,0.08,8,London,Friday
2026-01-16 11:35:18,ICMarkets Raw,XAUUSD,4599.83,4599.88,0.05,5,London,Friday
2026-01-16 11:35:20,VantageMarkets Raw,XAUUSD,4599.93,4600.01,0.08,8,London,Friday
2026-01-16 11:35:23,FPMarkets Raw,XAUUSD,4600.02,4600.09,0.07,7,London,Friday
2026-01-16 11:36:08,Pepperstone Razor,XAUUSD,4599.64,4599.8,0.16,16,London,Friday
2026-01-16 11:36:11,FusionMarkets Zero,XAUUSD,4599.59,4599.65,0.06,6,London,Friday
2026-01-16 11:36:15,ThinkMarkets ThinkZero,XAUUSD,4599.76,4599.84,0.08,8,London,Friday
2026-01-16 11:36:18,ICMarkets Raw,XAUUSD,4599.37,4599.42,0.05,5,London,Friday
2026-01-16 11:36:21,VantageMarkets Raw,XAUUSD,4599.24,4599.32,0.08,8,London,Friday
2026-01-16 11:36:24,FPMarkets Raw,XAUUSD,4599.37,4599.44,0.07,7,London,Friday
2026-01-16 11:37:08,Pepperstone Razor,XAUUSD,4599.5,4599.69,0.19,19,London,Friday
2026-01-16 11:37:11,FusionMarkets Zero,XAUUSD,4599.61,4599.68,0.07,7,London,Friday
2026-01-16 11:37:15,ThinkMarkets ThinkZero,XAUUSD,4599.84,4599.92,0.08,8,London,Friday
2026-01-16 11:37:18,ICMarkets Raw,XAUUSD,4599.82,4599.89,0.07,7,London,Friday
2026-01-16 11:37:21,VantageMarkets Raw,XAUUSD,4599.75,4599.83,0.08,8,London,Friday
2026-01-16 11:37:24,FPMarkets Raw,XAUUSD,4599.69,4599.76,0.07,7,London,Friday
2026-01-16 11:38:08,Pepperstone Razor,XAUUSD,4600.32,4600.48,0.16,16,London,Friday
2026-01-16 11:38:11,FusionMarkets Zero,XAUUSD,4600.48,4600.62,0.14,14,London,Friday
2026-01-16 11:38:15,ThinkMarkets ThinkZero,XAUUSD,4600.66,4600.74,0.08,8,London,Friday
2026-01-16 11:38:18,ICMarkets Raw,XAUUSD,4600.46,4600.57,0.11,11,London,Friday
2026-01-16 11:38:21,VantageMarkets Raw,XAUUSD,4600.51,4600.59,0.08,8,London,Friday
2026-01-16 11:38:24,FPMarkets Raw,XAUUSD,4600.55,4600.62,0.07,7,London,Friday
2026-01-16 11:39:08,Pepperstone Razor,XAUUSD,4599.52,4599.68,0.16,16,London,Friday
2026-01-16 11:39:11,FusionMarkets Zero,XAUUSD,4599.26,4599.37,0.11,11,London,Friday
2026-01-16 11:39:15,ThinkMarkets ThinkZero,XAUUSD,4599.81,4599.89,0.08,8,London,Friday
2026-01-16 11:39:18,ICMarkets Raw,XAUUSD,4599.8,4599.91,0.11,11,London,Friday
2026-01-16 11:39:21,VantageMarkets Raw,XAUUSD,4599.73,4599.81,0.08,8,London,Friday
2026-01-16 11:39:23,FPMarkets Raw,XAUUSD,4599.59,4599.66,0.07,7,London,Friday
2026-01-16 11:40:08,Pepperstone Razor,XAUUSD,4600.43,4600.66,0.23,23,London,Friday
2026-01-16 11:40:11,FusionMarkets Zero,XAUUSD,4600.34,4600.48,0.14,14,London,Friday
2026-01-16 11:40:15,ThinkMarkets ThinkZero,XAUUSD,4600.62,4600.7,0.08,8,London,Friday
2026-01-16 11:40:18,ICMarkets Raw,XAUUSD,4600.48,4600.59,0.11,11,London,Friday
2026-01-16 11:40:21,VantageMarkets Raw,XAUUSD,4600.78,4600.86,0.08,8,London,Friday
2026-01-16 11:40:23,FPMarkets Raw,XAUUSD,4600.78,4600.85,0.07,7,London,Friday
2026-01-16 11:41:08,Pepperstone Razor,XAUUSD,4600.22,4600.42,0.2,20,London,Friday
2026-01-16 11:41:11,FusionMarkets Zero,XAUUSD,4599.96,4600.1,0.14,14,London,Friday
2026-01-16 11:41:15,ThinkMarkets ThinkZero,XAUUSD,4600.17,4600.25,0.08,8,London,Friday
2026-01-16 11:41:18,ICMarkets Raw,XAUUSD,4599.97,4600.06,0.09,9,London,Friday
2026-01-16 11:41:21,VantageMarkets Raw,XAUUSD,4599.87,4599.95,0.08,8,London,Friday
2026-01-16 11:41:24,FPMarkets Raw,XAUUSD,4600.25,4600.32,0.07,7,London,Friday
2026-01-16 11:42:08,Pepperstone Razor,XAUUSD,4601.65,4601.82,0.17,17,London,Friday
2026-01-16 11:42:11,FusionMarkets Zero,XAUUSD,4601.64,4601.75,0.11,11,London,Friday
2026-01-16 11:42:15,ThinkMarkets ThinkZero,XAUUSD,4601.66,4601.74,0.08,8,London,Friday
2026-01-16 11:42:18,ICMarkets Raw,XAUUSD,4601.61,4601.7,0.09,9,London,Friday
2026-01-16 11:42:21,VantageMarkets Raw,XAUUSD,4601.42,4601.5,0.08,8,London,Friday
2026-01-16 11:42:24,FPMarkets Raw,XAUUSD,4601.13,4601.2,0.07,7,London,Friday
2026-01-16 11:43:08,Pepperstone Razor,XAUUSD,4602.22,4602.38,0.16,16,London,Friday
2026-01-16 11:43:11,FusionMarkets Zero,XAUUSD,4602.17,4602.24,0.07,7,London,Friday
2026-01-16 11:43:15,ThinkMarkets ThinkZero,XAUUSD,4601.9,4601.98,0.08,8,London,Friday
2026-01-16 11:43:18,ICMarkets Raw,XAUUSD,4602.13,4602.19,0.06,6,London,Friday
2026-01-16 11:43:21,VantageMarkets Raw,XAUUSD,4602.2,4602.28,0.08,8,London,Friday
2026-01-16 11:43:24,FPMarkets Raw,XAUUSD,4602.63,4602.7,0.07,7,London,Friday
2026-01-16 11:44:08,Pepperstone Razor,XAUUSD,4603.21,4603.43,0.22,22,London,Friday
2026-01-16 11:44:12,FusionMarkets Zero,XAUUSD,4603.38,4603.54,0.16,16,London,Friday
2026-01-16 11:44:15,ThinkMarkets ThinkZero,XAUUSD,4603.18,4603.26,0.08,8,London,Friday
2026-01-16 11:44:18,ICMarkets Raw,XAUUSD,4603.47,4603.58,0.11,11,London,Friday
2026-01-16 11:44:21,VantageMarkets Raw,XAUUSD,4603.48,4603.56,0.08,8,London,Friday
2026-01-16 11:44:24,FPMarkets Raw,XAUUSD,4603.39,4603.46,0.07,7,London,Friday
2026-01-16 11:45:08,Pepperstone Razor,XAUUSD,4603.49,4603.64,0.15,15,London,Friday
2026-01-16 11:45:12,FusionMarkets Zero,XAUUSD,4603.46,4603.51,0.05,5,London,Friday
2026-01-16 11:45:15,ThinkMarkets ThinkZero,XAUUSD,4603.58,4603.66,0.08,8,London,Friday
2026-01-16 11:45:19,ICMarkets Raw,XAUUSD,4603.52,4603.57,0.05,5,London,Friday
2026-01-16 11:45:22,VantageMarkets Raw,XAUUSD,4603.47,4603.55,0.08,8,London,Friday
2026-01-16 11:45:25,FPMarkets Raw,XAUUSD,4603.38,4603.45,0.07,7,London,Friday
2026-01-16 11:46:08,Pepperstone Razor,XAUUSD,4603.13,4603.28,0.15,15,London,Friday
2026-01-16 11:46:12,FusionMarkets Zero,XAUUSD,4603.11,4603.17,0.06,6,London,Friday
2026-01-16 11:46:16,ThinkMarkets ThinkZero,XAUUSD,4602.71,4602.79,0.08,8,London,Friday
2026-01-16 11:46:19,ICMarkets Raw,XAUUSD,4602.88,4602.93,0.05,5,London,Friday
2026-01-16 11:46:22,VantageMarkets Raw,XAUUSD,4602.83,4602.91,0.08,8,London,Friday
2026-01-16 11:46:24,FPMarkets Raw,XAUUSD,4602.93,4603.0,0.07,7,London,Friday
2026-01-16 11:47:08,Pepperstone Razor,XAUUSD,4602.64,4602.79,0.15,15,London,Friday
2026-01-16 11:47:12,FusionMarkets Zero,XAUUSD,4602.82,4602.87,0.05,5,London,Friday
2026-01-16 11:47:16,ThinkMarkets ThinkZero,XAUUSD,4602.89,4602.97,0.08,8,London,Friday
2026-01-16 11:47:19,ICMarkets Raw,XAUUSD,4602.61,4602.66,0.05,5,London,Friday
2026-01-16 11:47:22,VantageMarkets Raw,XAUUSD,4602.59,4602.67,0.08,8,London,Friday
2026-01-16 11:47:25,FPMarkets Raw,XAUUSD,4602.5,4602.57,0.07,7,London,Friday
2026-01-16 11:48:08,Pepperstone Razor,XAUUSD,4601.87,4602.01,0.14,14,London,Friday
2026-01-16 11:48:12,FusionMarkets Zero,XAUUSD,4601.88,4601.93,0.05,5,London,Friday
2026-01-16 11:48:15,ThinkMarkets ThinkZero,XAUUSD,4602.18,4602.26,0.08,8,London,Friday
2026-01-16 11:48:18,ICMarkets Raw,XAUUSD,4601.85,4601.92,0.07,7,London,Friday
2026-01-16 11:48:21,VantageMarkets Raw,XAUUSD,4601.9,4601.98,0.08,8,London,Friday
2026-01-16 11:48:23,FPMarkets Raw,XAUUSD,4601.81,4601.88,0.07,7,London,Friday
2026-01-16 11:49:08,Pepperstone Razor,XAUUSD,4601.69,4601.83,0.14,14,London,Friday
2026-01-16 11:49:11,FusionMarkets Zero,XAUUSD,4601.49,4601.57,0.08,8,London,Friday
2026-01-16 11:49:15,ThinkMarkets ThinkZero,XAUUSD,4601.86,4601.94,0.08,8,London,Friday
2026-01-16 11:49:18,ICMarkets Raw,XAUUSD,4601.63,4601.68,0.05,5,London,Friday
2026-01-16 11:49:21,VantageMarkets Raw,XAUUSD,4602.1,4602.18,0.08,8,London,Friday
2026-01-16 11:49:24,FPMarkets Raw,XAUUSD,4601.81,4601.88,0.07,7,London,Friday
2026-01-16 11:50:08,Pepperstone Razor,XAUUSD,4601.31,4601.5,0.19,19,London,Friday
2026-01-16 11:50:11,FusionMarkets Zero,XAUUSD,4601.47,4601.64,0.17,17,London,Friday
2026-01-16 11:50:14,ThinkMarkets ThinkZero,XAUUSD,4601.75,4601.83,0.08,8,London,Friday
2026-01-16 11:50:17,ICMarkets Raw,XAUUSD,4601.55,4601.66,0.11,11,London,Friday
2026-01-16 11:50:20,VantageMarkets Raw,XAUUSD,4601.39,4601.47,0.08,8,London,Friday
2026-01-16 11:50:23,FPMarkets Raw,XAUUSD,4601.63,4601.7,0.07,7,London,Friday
2026-01-16 11:51:09,Pepperstone Razor,XAUUSD,4600.6,4600.77,0.17,17,London,Friday
2026-01-16 11:51:12,FusionMarkets Zero,XAUUSD,4600.73,4600.87,0.14,14,London,Friday
2026-01-16 11:51:15,ThinkMarkets ThinkZero,XAUUSD,4600.75,4600.83,0.08,8,London,Friday
2026-01-16 11:51:18,ICMarkets Raw,XAUUSD,4601.26,4601.37,0.11,11,London,Friday
2026-01-16 11:51:21,VantageMarkets Raw,XAUUSD,4601.08,4601.16,0.08,8,London,Friday
2026-01-16 11:51:24,FPMarkets Raw,XAUUSD,4601.06,4601.13,0.07,7,London,Friday
2026-01-16 11:52:09,Pepperstone Razor,XAUUSD,4600.55,4600.7,0.15,15,London,Friday
2026-01-16 11:52:11,FusionMarkets Zero,XAUUSD,4600.79,4600.86,0.07,7,London,Friday
2026-01-16 11:52:15,ThinkMarkets ThinkZero,XAUUSD,4600.69,4600.77,0.08,8,London,Friday
2026-01-16 11:52:18,ICMarkets Raw,XAUUSD,4600.91,4600.96,0.05,5,London,Friday
2026-01-16 11:52:21,VantageMarkets Raw,XAUUSD,4600.85,4600.93,0.08,8,London,Friday
2026-01-16 11:52:25,FPMarkets Raw,XAUUSD,4600.82,4600.89,0.07,7,London,Friday
2026-01-16 11:53:09,Pepperstone Razor,XAUUSD,4600.91,4601.04,0.13,13,London,Friday
2026-01-16 11:53:12,FusionMarkets Zero,XAUUSD,4600.96,4601.01,0.05,5,London,Friday
2026-01-16 11:53:16,ThinkMarkets ThinkZero,XAUUSD,4601.32,4601.4,0.08,8,London,Friday
2026-01-16 11:53:19,ICMarkets Raw,XAUUSD,4601.08,4601.13,0.05,5,London,Friday
2026-01-16 11:53:22,VantageMarkets Raw,XAUUSD,4601.06,4601.14,0.08,8,London,Friday
2026-01-16 11:53:25,FPMarkets Raw,XAUUSD,4601.03,4601.1,0.07,7,London,Friday
2026-01-16 11:54:09,Pepperstone Razor,XAUUSD,4601.04,4601.18,0.14,14,London,Friday
2026-01-16 11:54:12,FusionMarkets Zero,XAUUSD,4601.05,4601.12,0.07,7,London,Friday
2026-01-16 11:54:15,ThinkMarkets ThinkZero,XAUUSD,4601.37,4601.45,0.08,8,London,Friday
2026-01-16 11:54:18,ICMarkets Raw,XAUUSD,4601.11,4601.17,0.06,6,London,Friday
2026-01-16 11:54:21,VantageMarkets Raw,XAUUSD,4601.06,4601.14,0.08,8,London,Friday
2026-01-16 11:54:25,FPMarkets Raw,XAUUSD,4600.89,4600.96,0.07,7,London,Friday
2026-01-16 11:55:09,Pepperstone Razor,XAUUSD,4601.86,4602.07,0.21,21,London,Friday
2026-01-16 11:55:12,FusionMarkets Zero,XAUUSD,4601.84,4601.92,0.08,8,London,Friday
2026-01-16 11:55:15,ThinkMarkets ThinkZero,XAUUSD,4602.01,4602.09,0.08,8,London,Friday
2026-01-16 11:55:18,ICMarkets Raw,XAUUSD,4601.69,4601.8,0.11,11,London,Friday
2026-01-16 11:55:21,VantageMarkets Raw,XAUUSD,4601.62,4601.7,0.08,8,London,Friday
2026-01-16 11:55:24,FPMarkets Raw,XAUUSD,4601.68,4601.75,0.07,7,London,Friday
2026-01-16 11:56:09,Pepperstone Razor,XAUUSD,4601.17,4601.38,0.21,21,London,Friday
2026-01-16 11:56:12,FusionMarkets Zero,XAUUSD,4601.51,4601.63,0.12,12,London,Friday
2026-01-16 11:56:15,ThinkMarkets ThinkZero,XAUUSD,4601.3,4601.38,0.08,8,London,Friday
2026-01-16 11:56:18,ICMarkets Raw,XAUUSD,4601.33,4601.43,0.1,10,London,Friday
2026-01-16 11:56:21,VantageMarkets Raw,XAUUSD,4601.41,4601.49,0.08,8,London,Friday
2026-01-16 11:56:24,FPMarkets Raw,XAUUSD,4601.6,4601.67,0.07,7,London,Friday
2026-01-16 11:57:08,Pepperstone Razor,XAUUSD,4601.13,4601.28,0.15,15,London,Friday
2026-01-16 11:57:11,FusionMarkets Zero,XAUUSD,4601.04,4601.09,0.05,5,London,Friday
2026-01-16 11:57:15,ThinkMarkets ThinkZero,XAUUSD,4601.37,4601.45,0.08,8,London,Friday
2026-01-16 11:57:18,ICMarkets Raw,XAUUSD,4601.01,4601.07,0.06,6,London,Friday
2026-01-16 11:57:21,VantageMarkets Raw,XAUUSD,4601.03,4601.11,0.08,8,London,Friday
2026-01-16 11:57:24,FPMarkets Raw,XAUUSD,4601.06,4601.13,0.07,7,London,Friday
2026-01-16 11:58:09,Pepperstone Razor,XAUUSD,4600.94,4601.08,0.14,14,London,Friday
2026-01-16 11:58:12,FusionMarkets Zero,XAUUSD,4600.96,4601.01,0.05,5,London,Friday
2026-01-16 11:58:15,ThinkMarkets ThinkZero,XAUUSD,4601.23,4601.31,0.08,8,London,Friday
2026-01-16 11:58:18,ICMarkets Raw,XAUUSD,4600.96,4601.01,0.05,5,London,Friday
2026-01-16 11:58:21,VantageMarkets Raw,XAUUSD,4601.24,4601.32,0.08,8,London,Friday
2026-01-16 11:58:25,FPMarkets Raw,XAUUSD,4601.53,4601.6,0.07,7,London,Friday
2026-01-16 11:59:08,Pepperstone Razor,XAUUSD,4600.7,4600.87,0.17,17,London,Friday
2026-01-16 11:59:11,FusionMarkets Zero,XAUUSD,4600.64,4600.7,0.06,6,London,Friday
2026-01-16 11:59:15,ThinkMarkets ThinkZero,XAUUSD,4601.03,4601.11,0.08,8,London,Friday
2026-01-16 11:59:18,ICMarkets Raw,XAUUSD,4600.73,4600.78,0.05,5,London,Friday
2026-01-16 11:59:21,VantageMarkets Raw,XAUUSD,4600.63,4600.71,0.08,8,London,Friday
2026-01-16 11:59:24,FPMarkets Raw,XAUUSD,4600.8,4600.87,0.07,7,London,Friday
2026-01-16 12:00:08,Pepperstone Razor,XAUUSD,4601.25,4601.43,0.18,18,Overlap,Friday
2026-01-16 12:00:11,FusionMarkets Zero,XAUUSD,4601.21,4601.28,0.07,7,Overlap,Friday
2026-01-16 12:00:14,ThinkMarkets ThinkZero,XAUUSD,4601.47,4601.55,0.08,8,Overlap,Friday
2026-01-16 12:00:17,ICMarkets Raw,XAUUSD,4601.23,4601.3,0.07,7,Overlap,Friday
2026-01-16 12:00:19,VantageMarkets Raw,XAUUSD,4601.44,4601.52,0.08,8,Overlap,Friday
2026-01-16 12:00:22,FPMarkets Raw,XAUUSD,4601.61,4601.68,0.07,7,Overlap,Friday
2026-01-16 12:01:07,Pepperstone Razor,XAUUSD,4601.78,4601.91,0.13,13,Overlap,Friday
2026-01-16 12:01:10,FusionMarkets Zero,XAUUSD,4602.24,4602.39,0.15,15,Overlap,Friday
2026-01-16 12:01:13,ThinkMarkets ThinkZero,XAUUSD,4602.45,4602.53,0.08,8,Overlap,Friday
2026-01-16 12:01:16,ICMarkets Raw,XAUUSD,4602.53,4602.64,0.11,11,Overlap,Friday
2026-01-16 12:01:18,VantageMarkets Raw,XAUUSD,4602.92,4603.0,0.08,8,Overlap,Friday
2026-01-16 12:01:21,FPMarkets Raw,XAUUSD,4603.28,4603.35,0.07,7,Overlap,Friday
2026-01-16 12:02:07,Pepperstone Razor,XAUUSD,4603.18,4603.37,0.19,19,Overlap,Friday
2026-01-16 12:02:10,FusionMarkets Zero,XAUUSD,4603.22,4603.36,0.14,14,Overlap,Friday
2026-01-16 12:02:13,ThinkMarkets ThinkZero,XAUUSD,4603.59,4603.67,0.08,8,Overlap,Friday
2026-01-16 12:02:15,ICMarkets Raw,XAUUSD,4603.38,4603.48,0.1,10,Overlap,Friday
2026-01-16 12:02:18,VantageMarkets Raw,XAUUSD,4603.37,4603.45,0.08,8,Overlap,Friday
2026-01-16 12:02:21,FPMarkets Raw,XAUUSD,4603.35,4603.42,0.07,7,Overlap,Friday
2026-01-16 12:03:07,Pepperstone Razor,XAUUSD,4603.66,4603.83,0.17,17,Overlap,Friday
2026-01-16 12:03:10,FusionMarkets Zero,XAUUSD,4603.71,4603.78,0.07,7,Overlap,Friday
2026-01-16 12:03:13,ThinkMarkets ThinkZero,XAUUSD,4603.5,4603.58,0.08,8,Overlap,Friday
2026-01-16 12:03:15,ICMarkets Raw,XAUUSD,4603.64,4603.69,0.05,5,Overlap,Friday
2026-01-16 12:03:18,VantageMarkets Raw,XAUUSD,4603.68,4603.76,0.08,8,Overlap,Friday
2026-01-16 12:03:21,FPMarkets Raw,XAUUSD,4603.73,4603.8,0.07,7,Overlap,Friday
2026-01-16 12:04:07,Pepperstone Razor,XAUUSD,4604.02,4604.18,0.16,16,Overlap,Friday
2026-01-16 12:04:10,FusionMarkets Zero,XAUUSD,4604.38,4604.45,0.07,7,Overlap,Friday
2026-01-16 12:04:12,ThinkMarkets ThinkZero,XAUUSD,4604.01,4604.09,0.08,8,Overlap,Friday
2026-01-16 12:04:15,ICMarkets Raw,XAUUSD,4604.23,4604.28,0.05,5,Overlap,Friday
2026-01-16 12:04:17,VantageMarkets Raw,XAUUSD,4604.19,4604.27,0.08,8,Overlap,Friday
2026-01-16 12:04:20,FPMarkets Raw,XAUUSD,4604.3,4604.37,0.07,7,Overlap,Friday
2026-01-16 12:05:08,Pepperstone Razor,XAUUSD,4605.32,4605.47,0.15,15,Overlap,Friday
2026-01-16 12:05:10,FusionMarkets Zero,XAUUSD,4605.4,4605.45,0.05,5,Overlap,Friday
2026-01-16 12:05:13,ThinkMarkets ThinkZero,XAUUSD,4605.65,4605.73,0.08,8,Overlap,Friday
2026-01-16 12:05:15,ICMarkets Raw,XAUUSD,4605.39,4605.44,0.05,5,Overlap,Friday
2026-01-16 12:05:18,VantageMarkets Raw,XAUUSD,4605.61,4605.69,0.08,8,Overlap,Friday
2026-01-16 12:05:21,FPMarkets Raw,XAUUSD,4605.4,4605.47,0.07,7,Overlap,Friday
2026-01-16 12:06:08,Pepperstone Razor,XAUUSD,4604.57,4604.81,0.24,24,Overlap,Friday
2026-01-16 12:06:11,FusionMarkets Zero,XAUUSD,4604.4,4604.54,0.14,14,Overlap,Friday
2026-01-16 12:06:14,ThinkMarkets ThinkZero,XAUUSD,4604.29,4604.37,0.08,8,Overlap,Friday
2026-01-16 12:06:16,ICMarkets Raw,XAUUSD,4604.22,4604.33,0.11,11,Overlap,Friday
2026-01-16 12:06:18,VantageMarkets Raw,XAUUSD,4604.09,4604.17,0.08,8,Overlap,Friday
2026-01-16 12:06:21,FPMarkets Raw,XAUUSD,4603.9,4603.97,0.07,7,Overlap,Friday
2026-01-16 12:07:07,Pepperstone Razor,XAUUSD,4604.96,4605.18,0.22,22,Overlap,Friday
2026-01-16 12:07:10,FusionMarkets Zero,XAUUSD,4604.88,4605.02,0.14,14,Overlap,Friday
2026-01-16 12:07:12,ThinkMarkets ThinkZero,XAUUSD,4604.65,4604.73,0.08,8,Overlap,Friday
2026-01-16 12:07:15,ICMarkets Raw,XAUUSD,4604.7,4604.81,0.11,11,Overlap,Friday
2026-01-16 12:07:17,VantageMarkets Raw,XAUUSD,4604.78,4604.86,0.08,8,Overlap,Friday
2026-01-16 12:07:20,FPMarkets Raw,XAUUSD,4604.9,4604.97,0.07,7,Overlap,Friday
2026-01-16 12:08:07,Pepperstone Razor,XAUUSD,4603.34,4603.49,0.15,15,Overlap,Friday
2026-01-16 12:08:10,FusionMarkets Zero,XAUUSD,4603.62,4603.72,0.1,10,Overlap,Friday
2026-01-16 12:08:13,ThinkMarkets ThinkZero,XAUUSD,4603.41,4603.49,0.08,8,Overlap,Friday
2026-01-16 12:08:15,ICMarkets Raw,XAUUSD,4603.55,4603.62,0.07,7,Overlap,Friday
2026-01-16 12:08:18,VantageMarkets Raw,XAUUSD,4603.53,4603.61,0.08,8,Overlap,Friday
2026-01-16 12:08:21,FPMarkets Raw,XAUUSD,4603.46,4603.53,0.07,7,Overlap,Friday
2026-01-16 12:09:07,Pepperstone Razor,XAUUSD,4604.39,4604.64,0.25,25,Overlap,Friday
2026-01-16 12:09:10,FusionMarkets Zero,XAUUSD,4604.53,4604.67,0.14,14,Overlap,Friday
2026-01-16 12:09:13,ThinkMarkets ThinkZero,XAUUSD,4604.75,4604.83,0.08,8,Overlap,Friday
2026-01-16 12:09:15,ICMarkets Raw,XAUUSD,4604.97,4605.08,0.11,11,Overlap,Friday
2026-01-16 12:09:18,VantageMarkets Raw,XAUUSD,4605.0,4605.08,0.08,8,Overlap,Friday
2026-01-16 12:09:21,FPMarkets Raw,XAUUSD,4604.99,4605.06,0.07,7,Overlap,Friday
2026-01-16 12:10:07,Pepperstone Razor,XAUUSD,4604.57,4604.71,0.14,14,Overlap,Friday
2026-01-16 12:10:10,FusionMarkets Zero,XAUUSD,4604.66,4604.78,0.12,12,Overlap,Friday
2026-01-16 12:10:14,ThinkMarkets ThinkZero,XAUUSD,4604.76,4604.84,0.08,8,Overlap,Friday
2026-01-16 12:10:16,ICMarkets Raw,XAUUSD,4604.58,4604.69,0.11,11,Overlap,Friday
2026-01-16 12:10:19,VantageMarkets Raw,XAUUSD,4604.57,4604.65,0.08,8,Overlap,Friday
2026-01-16 12:10:22,FPMarkets Raw,XAUUSD,4604.48,4604.55,0.07,7,Overlap,Friday
2026-01-16 12:11:07,Pepperstone Razor,XAUUSD,4606.05,4606.21,0.16,16,Overlap,Friday
2026-01-16 12:11:10,FusionMarkets Zero,XAUUSD,4606.12,4606.24,0.12,12,Overlap,Friday
2026-01-16 12:11:13,ThinkMarkets ThinkZero,XAUUSD,4606.25,4606.33,0.08,8,Overlap,Friday
2026-01-16 12:11:15,ICMarkets Raw,XAUUSD,4606.33,4606.44,0.11,11,Overlap,Friday
2026-01-16 12:11:18,VantageMarkets Raw,XAUUSD,4606.49,4606.57,0.08,8,Overlap,Friday
2026-01-16 12:11:20,FPMarkets Raw,XAUUSD,4606.64,4606.71,0.07,7,Overlap,Friday
2026-01-16 12:12:07,Pepperstone Razor,XAUUSD,4607.18,4607.41,0.23,23,Overlap,Friday
2026-01-16 12:12:10,FusionMarkets Zero,XAUUSD,4607.23,4607.35,0.12,12,Overlap,Friday
2026-01-16 12:12:13,ThinkMarkets ThinkZero,XAUUSD,4607.57,4607.65,0.08,8,Overlap,Friday
2026-01-16 12:12:15,ICMarkets Raw,XAUUSD,4607.34,4607.45,0.11,11,Overlap,Friday
2026-01-16 12:12:18,VantageMarkets Raw,XAUUSD,4607.4,4607.48,0.08,8,Overlap,Friday
2026-01-16 12:12:20,FPMarkets Raw,XAUUSD,4607.51,4607.58,0.07,7,Overlap,Friday
2026-01-16 12:13:08,Pepperstone Razor,XAUUSD,4607.53,4607.75,0.22,22,Overlap,Friday
2026-01-16 12:13:10,FusionMarkets Zero,XAUUSD,4607.86,4607.97,0.11,11,Overlap,Friday
2026-01-16 12:13:13,ThinkMarkets ThinkZero,XAUUSD,4607.55,4607.63,0.08,8,Overlap,Friday
2026-01-16 12:13:16,ICMarkets Raw,XAUUSD,4607.85,4607.95,0.1,10,Overlap,Friday
2026-01-16 12:13:19,VantageMarkets Raw,XAUUSD,4607.53,4607.61,0.08,8,Overlap,Friday
2026-01-16 12:13:21,FPMarkets Raw,XAUUSD,4607.18,4607.25,0.07,7,Overlap,Friday
2026-01-16 12:14:07,Pepperstone Razor,XAUUSD,4606.69,4606.84,0.15,15,Overlap,Friday
2026-01-16 12:14:10,FusionMarkets Zero,XAUUSD,4606.66,4606.8,0.14,14,Overlap,Friday
2026-01-16 12:14:13,ThinkMarkets ThinkZero,XAUUSD,4606.63,4606.71,0.08,8,Overlap,Friday
2026-01-16 12:14:16,ICMarkets Raw,XAUUSD,4606.71,4606.82,0.11,11,Overlap,Friday
2026-01-16 12:14:19,VantageMarkets Raw,XAUUSD,4606.59,4606.67,0.08,8,Overlap,Friday
2026-01-16 12:14:21,FPMarkets Raw,XAUUSD,4606.81,4606.88,0.07,7,Overlap,Friday
2026-01-16 12:15:07,Pepperstone Razor,XAUUSD,4607.01,4607.17,0.16,16,Overlap,Friday
2026-01-16 12:15:10,FusionMarkets Zero,XAUUSD,4607.56,4607.64,0.08,8,Overlap,Friday
2026-01-16 12:15:13,ThinkMarkets ThinkZero,XAUUSD,4607.3,4607.38,0.08,8,Overlap,Friday
2026-01-16 12:15:16,ICMarkets Raw,XAUUSD,4607.53,4607.6,0.07,7,Overlap,Friday
2026-01-16 12:15:19,VantageMarkets Raw,XAUUSD,4607.9,4607.98,0.08,8,Overlap,Friday
2026-01-16 12:15:21,FPMarkets Raw,XAUUSD,4608.13,4608.2,0.07,7,Overlap,Friday
2026-01-16 12:16:08,Pepperstone Razor,XAUUSD,4607.96,4608.12,0.16,16,Overlap,Friday
2026-01-16 12:16:11,FusionMarkets Zero,XAUUSD,4608.28,4608.33,0.05,5,Overlap,Friday
2026-01-16 12:16:14,ThinkMarkets ThinkZero,XAUUSD,4608.26,4608.34,0.08,8,Overlap,Friday
2026-01-16 12:16:17,ICMarkets Raw,XAUUSD,4608.18,4608.29,0.11,11,Overlap,Friday
2026-01-16 12:16:20,VantageMarkets Raw,XAUUSD,4608.36,4608.44,0.08,8,Overlap,Friday
2026-01-16 12:16:22,FPMarkets Raw,XAUUSD,4608.2,4608.27,0.07,7,Overlap,Friday
2026-01-16 12:17:08,Pepperstone Razor,XAUUSD,4608.25,4608.46,0.21,21,Overlap,Friday
2026-01-16 12:17:11,FusionMarkets Zero,XAUUSD,4607.93,4608.03,0.1,10,Overlap,Friday
2026-01-16 12:17:15,ThinkMarkets ThinkZero,XAUUSD,4607.63,4607.71,0.08,8,Overlap,Friday
2026-01-16 12:17:17,ICMarkets Raw,XAUUSD,4607.96,4608.05,0.09,9,Overlap,Friday
2026-01-16 12:17:20,VantageMarkets Raw,XAUUSD,4607.93,4608.01,0.08,8,Overlap,Friday
2026-01-16 12:17:22,FPMarkets Raw,XAUUSD,4607.66,4607.73,0.07,7,Overlap,Friday
2026-01-16 12:18:08,Pepperstone Razor,XAUUSD,4608.52,4608.68,0.16,16,Overlap,Friday
2026-01-16 12:18:11,FusionMarkets Zero,XAUUSD,4608.36,4608.45,0.09,9,Overlap,Friday
2026-01-16 12:18:13,ThinkMarkets ThinkZero,XAUUSD,4608.22,4608.3,0.08,8,Overlap,Friday
2026-01-16 12:18:16,ICMarkets Raw,XAUUSD,4608.32,4608.4,0.08,8,Overlap,Friday
2026-01-16 12:18:18,VantageMarkets Raw,XAUUSD,4608.34,4608.42,0.08,8,Overlap,Friday
2026-01-16 12:18:21,FPMarkets Raw,XAUUSD,4608.51,4608.58,0.07,7,Overlap,Friday
2026-01-16 12:19:08,Pepperstone Razor,XAUUSD,4609.06,4609.21,0.15,15,Overlap,Friday
2026-01-16 12:19:11,FusionMarkets Zero,XAUUSD,4609.06,4609.11,0.05,5,Overlap,Friday
2026-01-16 12:19:13,ThinkMarkets ThinkZero,XAUUSD,4608.87,4608.95,0.08,8,Overlap,Friday
2026-01-16 12:19:16,ICMarkets Raw,XAUUSD,4609.17,4609.22,0.05,5,Overlap,Friday
2026-01-16 12:19:19,VantageMarkets Raw,XAUUSD,4609.24,4609.32,0.08,8,Overlap,Friday
2026-01-16 12:19:22,FPMarkets Raw,XAUUSD,4609.41,4609.48,0.07,7,Overlap,Friday
2026-01-16 12:20:08,Pepperstone Razor,XAUUSD,4609.14,4609.34,0.2,20,Overlap,Friday
2026-01-16 12:20:11,FusionMarkets Zero,XAUUSD,4609.15,4609.2,0.05,5,Overlap,Friday
2026-01-16 12:20:13,ThinkMarkets ThinkZero,XAUUSD,4609.36,4609.44,0.08,8,Overlap,Friday
2026-01-16 12:20:16,ICMarkets Raw,XAUUSD,4608.91,4608.97,0.06,6,Overlap,Friday
2026-01-16 12:20:19,VantageMarkets Raw,XAUUSD,4608.86,4608.94,0.08,8,Overlap,Friday
2026-01-16 12:20:22,FPMarkets Raw,XAUUSD,4608.92,4608.99,0.07,7,Overlap,Friday
2026-01-16 12:21:08,Pepperstone Razor,XAUUSD,4607.88,4608.04,0.16,16,Overlap,Friday
2026-01-16 12:21:11,FusionMarkets Zero,XAUUSD,4608.11,4608.21,0.1,10,Overlap,Friday
2026-01-16 12:21:14,ThinkMarkets ThinkZero,XAUUSD,4608.38,4608.46,0.08,8,Overlap,Friday
2026-01-16 12:21:17,ICMarkets Raw,XAUUSD,4608.37,4608.46,0.09,9,Overlap,Friday
2026-01-16 12:21:19,VantageMarkets Raw,XAUUSD,4607.89,4607.97,0.08,8,Overlap,Friday
2026-01-16 12:21:22,FPMarkets Raw,XAUUSD,4607.71,4607.78,0.07,7,Overlap,Friday
2026-01-16 12:22:08,Pepperstone Razor,XAUUSD,4609.09,4609.32,0.23,23,Overlap,Friday
2026-01-16 12:22:11,FusionMarkets Zero,XAUUSD,4609.49,4609.67,0.18,18,Overlap,Friday
2026-01-16 12:22:13,ThinkMarkets ThinkZero,XAUUSD,4609.59,4609.67,0.08,8,Overlap,Friday
2026-01-16 12:22:16,ICMarkets Raw,XAUUSD,4608.44,4608.55,0.11,11,Overlap,Friday
2026-01-16 12:22:19,VantageMarkets Raw,XAUUSD,4608.37,4608.45,0.08,8,Overlap,Friday
2026-01-16 12:22:22,FPMarkets Raw,XAUUSD,4608.4,4608.47,0.07,7,Overlap,Friday
2026-01-16 12:23:08,Pepperstone Razor,XAUUSD,4609.19,4609.38,0.19,19,Overlap,Friday
2026-01-16 12:23:11,FusionMarkets Zero,XAUUSD,4609.11,4609.27,0.16,16,Overlap,Friday
2026-01-16 12:23:14,ThinkMarkets ThinkZero,XAUUSD,4609.26,4609.34,0.08,8,Overlap,Friday
2026-01-16 12:23:17,ICMarkets Raw,XAUUSD,4609.04,4609.15,0.11,11,Overlap,Friday
2026-01-16 12:23:20,VantageMarkets Raw,XAUUSD,4609.05,4609.13,0.08,8,Overlap,Friday
2026-01-16 12:23:22,FPMarkets Raw,XAUUSD,4609.02,4609.09,0.07,7,Overlap,Friday
2026-01-16 12:24:08,Pepperstone Razor,XAUUSD,4610.21,4610.4,0.19,19,Overlap,Friday
2026-01-16 12:24:10,FusionMarkets Zero,XAUUSD,4609.15,4609.3,0.15,15,Overlap,Friday
2026-01-16 12:24:14,ThinkMarkets ThinkZero,XAUUSD,4609.31,4609.39,0.08,8,Overlap,Friday
2026-01-16 12:24:17,ICMarkets Raw,XAUUSD,4609.6,4609.71,0.11,11,Overlap,Friday
2026-01-16 12:24:20,VantageMarkets Raw,XAUUSD,4609.47,4609.55,0.08,8,Overlap,Friday
2026-01-16 12:24:23,FPMarkets Raw,XAUUSD,4609.78,4609.85,0.07,7,Overlap,Friday
2026-01-16 12:25:08,Pepperstone Razor,XAUUSD,4610.21,4610.44,0.23,23,Overlap,Friday
2026-01-16 12:25:11,FusionMarkets Zero,XAUUSD,4609.84,4609.99,0.15,15,Overlap,Friday
2026-01-16 12:25:14,ThinkMarkets ThinkZero,XAUUSD,4610.05,4610.13,0.08,8,Overlap,Friday
2026-01-16 12:25:17,ICMarkets Raw,XAUUSD,4610.43,4610.54,0.11,11,Overlap,Friday
2026-01-16 12:25:20,VantageMarkets Raw,XAUUSD,4610.43,4610.51,0.08,8,Overlap,Friday
2026-01-16 12:25:23,FPMarkets Raw,XAUUSD,4610.43,4610.5,0.07,7,Overlap,Friday
2026-01-16 12:26:08,Pepperstone Razor,XAUUSD,4609.08,4609.27,0.19,19,Overlap,Friday
2026-01-16 12:26:11,FusionMarkets Zero,XAUUSD,4609.56,4609.66,0.1,10,Overlap,Friday
2026-01-16 12:26:14,ThinkMarkets ThinkZero,XAUUSD,4609.36,4609.44,0.08,8,Overlap,Friday
2026-01-16 12:26:16,ICMarkets Raw,XAUUSD,4609.69,4609.77,0.08,8,Overlap,Friday
2026-01-16 12:26:19,VantageMarkets Raw,XAUUSD,4609.64,4609.72,0.08,8,Overlap,Friday
2026-01-16 12:26:22,FPMarkets Raw,XAUUSD,4609.44,4609.51,0.07,7,Overlap,Friday
2026-01-16 12:27:08,Pepperstone Razor,XAUUSD,4609.65,4609.82,0.17,17,Overlap,Friday
2026-01-16 12:27:11,FusionMarkets Zero,XAUUSD,4609.47,4609.57,0.1,10,Overlap,Friday
2026-01-16 12:27:14,ThinkMarkets ThinkZero,XAUUSD,4609.18,4609.26,0.08,8,Overlap,Friday
2026-01-16 12:27:16,ICMarkets Raw,XAUUSD,4609.34,4609.39,0.05,5,Overlap,Friday
2026-01-16 12:27:19,VantageMarkets Raw,XAUUSD,4609.66,4609.74,0.08,8,Overlap,Friday
2026-01-16 12:27:22,FPMarkets Raw,XAUUSD,4609.6,4609.67,0.07,7,Overlap,Friday
2026-01-16 12:28:08,Pepperstone Razor,XAUUSD,4610.3,4610.5,0.2,20,Overlap,Friday
2026-01-16 12:28:11,FusionMarkets Zero,XAUUSD,4610.39,4610.47,0.08,8,Overlap,Friday
2026-01-16 12:28:14,ThinkMarkets ThinkZero,XAUUSD,4610.56,4610.64,0.08,8,Overlap,Friday
2026-01-16 12:28:17,ICMarkets Raw,XAUUSD,4610.48,4610.57,0.09,9,Overlap,Friday
2026-01-16 12:28:19,VantageMarkets Raw,XAUUSD,4610.35,4610.43,0.08,8,Overlap,Friday
2026-01-16 12:28:22,FPMarkets Raw,XAUUSD,4610.49,4610.56,0.07,7,Overlap,Friday
2026-01-16 12:29:08,Pepperstone Razor,XAUUSD,4609.54,4609.74,0.2,20,Overlap,Friday
2026-01-16 12:29:11,FusionMarkets Zero,XAUUSD,4609.46,4609.6,0.14,14,Overlap,Friday
2026-01-16 12:29:14,ThinkMarkets ThinkZero,XAUUSD,4609.25,4609.33,0.08,8,Overlap,Friday
2026-01-16 12:29:17,ICMarkets Raw,XAUUSD,4609.21,4609.32,0.11,11,Overlap,Friday
2026-01-16 12:29:19,VantageMarkets Raw,XAUUSD,4609.35,4609.43,0.08,8,Overlap,Friday
2026-01-16 12:29:22,FPMarkets Raw,XAUUSD,4609.48,4609.55,0.07,7,Overlap,Friday
2026-01-16 12:30:08,Pepperstone Razor,XAUUSD,4608.06,4608.3,0.24,24,Overlap,Friday
2026-01-16 12:30:11,FusionMarkets Zero,XAUUSD,4607.81,4607.95,0.14,14,Overlap,Friday
2026-01-16 12:30:14,ThinkMarkets ThinkZero,XAUUSD,4608.19,4608.27,0.08,8,Overlap,Friday
2026-01-16 12:30:17,ICMarkets Raw,XAUUSD,4607.74,4607.85,0.11,11,Overlap,Friday
2026-01-16 12:30:20,VantageMarkets Raw,XAUUSD,4607.89,4607.97,0.08,8,Overlap,Friday
2026-01-16 12:30:22,FPMarkets Raw,XAUUSD,4607.87,4607.94,0.07,7,Overlap,Friday
2026-01-16 12:31:08,Pepperstone Razor,XAUUSD,4608.6,4608.83,0.23,23,Overlap,Friday
2026-01-16 12:31:11,FusionMarkets Zero,XAUUSD,4607.33,4607.48,0.15,15,Overlap,Friday
2026-01-16 12:31:15,ThinkMarkets ThinkZero,XAUUSD,4607.28,4607.36,0.08,8,Overlap,Friday
2026-01-16 12:31:18,ICMarkets Raw,XAUUSD,4607.51,4607.62,0.11,11,Overlap,Friday
2026-01-16 12:31:20,VantageMarkets Raw,XAUUSD,4607.5,4607.58,0.08,8,Overlap,Friday
2026-01-16 12:31:23,FPMarkets Raw,XAUUSD,4607.74,4607.81,0.07,7,Overlap,Friday
2026-01-16 12:32:08,Pepperstone Razor,XAUUSD,4607.83,4608.0,0.17,17,Overlap,Friday
2026-01-16 12:32:11,FusionMarkets Zero,XAUUSD,4607.81,4607.88,0.07,7,Overlap,Friday
2026-01-16 12:32:14,ThinkMarkets ThinkZero,XAUUSD,4607.98,4608.06,0.08,8,Overlap,Friday
2026-01-16 12:32:17,ICMarkets Raw,XAUUSD,4607.91,4608.02,0.11,11,Overlap,Friday
2026-01-16 12:32:20,VantageMarkets Raw,XAUUSD,4607.71,4607.79,0.08,8,Overlap,Friday
2026-01-16 12:32:22,FPMarkets Raw,XAUUSD,4607.86,4607.93,0.07,7,Overlap,Friday
2026-01-16 12:33:08,Pepperstone Razor,XAUUSD,4608.81,4608.98,0.17,17,Overlap,Friday
2026-01-16 12:33:11,FusionMarkets Zero,XAUUSD,4608.85,4608.91,0.06,6,Overlap,Friday
2026-01-16 12:33:14,ThinkMarkets ThinkZero,XAUUSD,4609.1,4609.18,0.08,8,Overlap,Friday
2026-01-16 12:33:18,ICMarkets Raw,XAUUSD,4608.97,4609.04,0.07,7,Overlap,Friday
2026-01-16 12:33:20,VantageMarkets Raw,XAUUSD,4608.53,4608.61,0.08,8,Overlap,Friday
2026-01-16 12:33:23,FPMarkets Raw,XAUUSD,4608.36,4608.43,0.07,7,Overlap,Friday
2026-01-16 12:34:08,Pepperstone Razor,XAUUSD,4608.56,4608.71,0.15,15,Overlap,Friday
2026-01-16 12:34:11,FusionMarkets Zero,XAUUSD,4608.49,4608.54,0.05,5,Overlap,Friday
2026-01-16 12:34:14,ThinkMarkets ThinkZero,XAUUSD,4608.73,4608.81,0.08,8,Overlap,Friday
2026-01-16 12:34:17,ICMarkets Raw,XAUUSD,4608.49,4608.54,0.05,5,Overlap,Friday
2026-01-16 12:34:20,VantageMarkets Raw,XAUUSD,4608.47,4608.55,0.08,8,Overlap,Friday
2026-01-16 12:34:23,FPMarkets Raw,XAUUSD,4608.66,4608.73,0.07,7,Overlap,Friday
2026-01-16 12:35:08,Pepperstone Razor,XAUUSD,4608.36,4608.52,0.16,16,Overlap,Friday
2026-01-16 12:35:11,FusionMarkets Zero,XAUUSD,4608.46,4608.51,0.05,5,Overlap,Friday
2026-01-16 12:35:14,ThinkMarkets ThinkZero,XAUUSD,4608.86,4608.94,0.08,8,Overlap,Friday
2026-01-16 12:35:18,ICMarkets Raw,XAUUSD,4607.82,4607.93,0.11,11,Overlap,Friday
2026-01-16 12:35:20,VantageMarkets Raw,XAUUSD,4608.19,4608.27,0.08,8,Overlap,Friday
2026-01-16 12:35:23,FPMarkets Raw,XAUUSD,4608.23,4608.3,0.07,7,Overlap,Friday
2026-01-16 12:36:08,Pepperstone Razor,XAUUSD,4608.81,4609.02,0.21,21,Overlap,Friday
2026-01-16 12:36:11,FusionMarkets Zero,XAUUSD,4608.72,4608.87,0.15,15,Overlap,Friday
2026-01-16 12:36:14,ThinkMarkets ThinkZero,XAUUSD,4608.46,4608.54,0.08,8,Overlap,Friday
2026-01-16 12:36:18,ICMarkets Raw,XAUUSD,4608.47,4608.57,0.1,10,Overlap,Friday
2026-01-16 12:36:20,VantageMarkets Raw,XAUUSD,4608.5,4608.58,0.08,8,Overlap,Friday
2026-01-16 12:36:24,FPMarkets Raw,XAUUSD,4608.0,4608.07,0.07,7,Overlap,Friday
2026-01-16 12:37:08,Pepperstone Razor,XAUUSD,4608.55,4608.77,0.22,22,Overlap,Friday
2026-01-16 12:37:12,FusionMarkets Zero,XAUUSD,4608.76,4608.83,0.07,7,Overlap,Friday
2026-01-16 12:37:15,ThinkMarkets ThinkZero,XAUUSD,4608.56,4608.64,0.08,8,Overlap,Friday
2026-01-16 12:37:18,ICMarkets Raw,XAUUSD,4608.76,4608.82,0.06,6,Overlap,Friday
2026-01-16 12:37:21,VantageMarkets Raw,XAUUSD,4608.88,4608.96,0.08,8,Overlap,Friday
2026-01-16 12:37:24,FPMarkets Raw,XAUUSD,4608.96,4609.03,0.07,7,Overlap,Friday
2026-01-16 12:38:08,Pepperstone Razor,XAUUSD,4608.31,4608.46,0.15,15,Overlap,Friday
2026-01-16 12:38:11,FusionMarkets Zero,XAUUSD,4608.28,4608.33,0.05,5,Overlap,Friday
2026-01-16 12:38:15,ThinkMarkets ThinkZero,XAUUSD,4608.58,4608.66,0.08,8,Overlap,Friday
2026-01-16 12:38:18,ICMarkets Raw,XAUUSD,4608.27,4608.32,0.05,5,Overlap,Friday
2026-01-16 12:38:21,VantageMarkets Raw,XAUUSD,4608.22,4608.3,0.08,8,Overlap,Friday
2026-01-16 12:38:24,FPMarkets Raw,XAUUSD,4608.18,4608.25,0.07,7,Overlap,Friday
2026-01-16 12:39:08,Pepperstone Razor,XAUUSD,4608.31,4608.46,0.15,15,Overlap,Friday
2026-01-16 12:39:11,FusionMarkets Zero,XAUUSD,4608.43,4608.48,0.05,5,Overlap,Friday
2026-01-16 12:39:15,ThinkMarkets ThinkZero,XAUUSD,4608.71,4608.79,0.08,8,Overlap,Friday
2026-01-16 12:39:18,ICMarkets Raw,XAUUSD,4608.44,4608.49,0.05,5,Overlap,Friday
2026-01-16 12:39:21,VantageMarkets Raw,XAUUSD,4608.42,4608.5,0.08,8,Overlap,Friday
2026-01-16 12:39:24,FPMarkets Raw,XAUUSD,4608.37,4608.44,0.07,7,Overlap,Friday
2026-01-16 12:40:08,Pepperstone Razor,XAUUSD,4607.84,4608.0,0.16,16,Overlap,Friday
2026-01-16 12:40:11,FusionMarkets Zero,XAUUSD,4607.69,4607.74,0.05,5,Overlap,Friday
2026-01-16 12:40:15,ThinkMarkets ThinkZero,XAUUSD,4607.42,4607.5,0.08,8,Overlap,Friday
2026-01-16 12:40:18,ICMarkets Raw,XAUUSD,4607.38,4607.48,0.1,10,Overlap,Friday
2026-01-16 12:40:21,VantageMarkets Raw,XAUUSD,4607.18,4607.26,0.08,8,Overlap,Friday
2026-01-16 12:40:24,FPMarkets Raw,XAUUSD,4607.22,4607.29,0.07,7,Overlap,Friday
2026-01-16 12:41:08,Pepperstone Razor,XAUUSD,4607.45,4607.66,0.21,21,Overlap,Friday
2026-01-16 12:41:11,FusionMarkets Zero,XAUUSD,4608.0,4608.12,0.12,12,Overlap,Friday
2026-01-16 12:41:15,ThinkMarkets ThinkZero,XAUUSD,4607.83,4607.91,0.08,8,Overlap,Friday
2026-01-16 12:41:18,ICMarkets Raw,XAUUSD,4607.75,4607.86,0.11,11,Overlap,Friday
2026-01-16 12:41:21,VantageMarkets Raw,XAUUSD,4607.82,4607.9,0.08,8,Overlap,Friday
2026-01-16 12:41:24,FPMarkets Raw,XAUUSD,4607.81,4607.88,0.07,7,Overlap,Friday
2026-01-16 12:42:08,Pepperstone Razor,XAUUSD,4607.8,4607.94,0.14,14,Overlap,Friday
2026-01-16 12:42:11,FusionMarkets Zero,XAUUSD,4607.95,4608.01,0.06,6,Overlap,Friday
2026-01-16 12:42:15,ThinkMarkets ThinkZero,XAUUSD,4607.62,4607.7,0.08,8,Overlap,Friday
2026-01-16 12:42:18,ICMarkets Raw,XAUUSD,4607.86,4607.91,0.05,5,Overlap,Friday
2026-01-16 12:42:21,VantageMarkets Raw,XAUUSD,4607.73,4607.81,0.08,8,Overlap,Friday
2026-01-16 12:42:24,FPMarkets Raw,XAUUSD,4607.15,4607.22,0.07,7,Overlap,Friday
2026-01-16 12:43:08,Pepperstone Razor,XAUUSD,4607.33,4607.49,0.16,16,Overlap,Friday
2026-01-16 12:43:11,FusionMarkets Zero,XAUUSD,4607.53,4607.61,0.08,8,Overlap,Friday
2026-01-16 12:43:15,ThinkMarkets ThinkZero,XAUUSD,4607.56,4607.64,0.08,8,Overlap,Friday
2026-01-16 12:43:18,ICMarkets Raw,XAUUSD,4607.75,4607.8,0.05,5,Overlap,Friday
2026-01-16 12:43:21,VantageMarkets Raw,XAUUSD,4607.69,4607.77,0.08,8,Overlap,Friday
2026-01-16 12:43:23,FPMarkets Raw,XAUUSD,4607.69,4607.76,0.07,7,Overlap,Friday
2026-01-16 12:44:09,Pepperstone Razor,XAUUSD,4607.09,4607.28,0.19,19,Overlap,Friday
2026-01-16 12:44:12,FusionMarkets Zero,XAUUSD,4606.97,4607.09,0.12,12,Overlap,Friday
2026-01-16 12:44:15,ThinkMarkets ThinkZero,XAUUSD,4607.41,4607.49,0.08,8,Overlap,Friday
2026-01-16 12:44:18,ICMarkets Raw,XAUUSD,4607.46,4607.51,0.05,5,Overlap,Friday
2026-01-16 12:44:21,VantageMarkets Raw,XAUUSD,4607.52,4607.6,0.08,8,Overlap,Friday
2026-01-16 12:44:24,FPMarkets Raw,XAUUSD,4607.48,4607.55,0.07,7,Overlap,Friday
2026-01-16 12:45:09,Pepperstone Razor,XAUUSD,4607.84,4607.99,0.15,15,Overlap,Friday
2026-01-16 12:45:12,FusionMarkets Zero,XAUUSD,4607.64,4607.69,0.05,5,Overlap,Friday
2026-01-16 12:45:16,ThinkMarkets ThinkZero,XAUUSD,4607.32,4607.4,0.08,8,Overlap,Friday
2026-01-16 12:45:19,ICMarkets Raw,XAUUSD,4607.37,4607.43,0.06,6,Overlap,Friday
2026-01-16 12:45:35,VantageMarkets Raw,XAUUSD,4607.67,4607.75,0.08,8,Overlap,Friday
2026-01-16 12:45:38,FPMarkets Raw,XAUUSD,4607.77,4607.84,0.07,7,Overlap,Friday
2026-01-16 12:46:08,Pepperstone Razor,XAUUSD,4607.69,4607.84,0.15,15,Overlap,Friday
2026-01-16 12:46:12,FusionMarkets Zero,XAUUSD,4607.72,4607.77,0.05,5,Overlap,Friday
2026-01-16 12:46:15,ThinkMarkets ThinkZero,XAUUSD,4607.9,4607.98,0.08,8,Overlap,Friday
2026-01-16 12:46:18,ICMarkets Raw,XAUUSD,4608.05,4608.11,0.06,6,Overlap,Friday
2026-01-16 12:46:21,VantageMarkets Raw,XAUUSD,4607.73,4607.81,0.08,8,Overlap,Friday
2026-01-16 12:46:25,FPMarkets Raw,XAUUSD,4607.64,4607.71,0.07,7,Overlap,Friday
2026-01-16 12:47:08,Pepperstone Razor,XAUUSD,4608.04,4608.19,0.15,15,Overlap,Friday
2026-01-16 12:47:12,FusionMarkets Zero,XAUUSD,4608.1,4608.15,0.05,5,Overlap,Friday
2026-01-16 12:47:16,ThinkMarkets ThinkZero,XAUUSD,4608.23,4608.31,0.08,8,Overlap,Friday
2026-01-16 12:47:19,ICMarkets Raw,XAUUSD,4608.31,4608.36,0.05,5,Overlap,Friday
2026-01-16 12:47:22,VantageMarkets Raw,XAUUSD,4608.33,4608.41,0.08,8,Overlap,Friday
2026-01-16 12:47:25,FPMarkets Raw,XAUUSD,4608.28,4608.35,0.07,7,Overlap,Friday
2026-01-16 12:48:08,Pepperstone Razor,XAUUSD,4607.9,4608.06,0.16,16,Overlap,Friday
2026-01-16 12:48:12,FusionMarkets Zero,XAUUSD,4607.99,4608.04,0.05,5,Overlap,Friday
2026-01-16 12:48:15,ThinkMarkets ThinkZero,XAUUSD,4608.27,4608.35,0.08,8,Overlap,Friday
2026-01-16 12:48:18,ICMarkets Raw,XAUUSD,4608.12,4608.17,0.05,5,Overlap,Friday
2026-01-16 12:48:21,VantageMarkets Raw,XAUUSD,4608.09,4608.17,0.08,8,Overlap,Friday
2026-01-16 12:48:24,FPMarkets Raw,XAUUSD,4607.95,4608.02,0.07,7,Overlap,Friday
2026-01-16 12:49:08,Pepperstone Razor,XAUUSD,4607.97,4608.16,0.19,19,Overlap,Friday
2026-01-16 12:49:12,FusionMarkets Zero,XAUUSD,4608.29,4608.4,0.11,11,Overlap,Friday
2026-01-16 12:49:15,ThinkMarkets ThinkZero,XAUUSD,4608.34,4608.42,0.08,8,Overlap,Friday
2026-01-16 12:49:18,ICMarkets Raw,XAUUSD,4608.3,4608.4,0.1,10,Overlap,Friday
2026-01-16 12:49:21,VantageMarkets Raw,XAUUSD,4608.46,4608.54,0.08,8,Overlap,Friday
2026-01-16 12:49:24,FPMarkets Raw,XAUUSD,4608.52,4608.59,0.07,7,Overlap,Friday
2026-01-16 12:50:09,Pepperstone Razor,XAUUSD,4608.12,4608.32,0.2,20,Overlap,Friday
2026-01-16 12:50:12,FusionMarkets Zero,XAUUSD,4608.28,4608.41,0.13,13,Overlap,Friday
2026-01-16 12:50:15,ThinkMarkets ThinkZero,XAUUSD,4608.06,4608.14,0.08,8,Overlap,Friday
2026-01-16 12:50:18,ICMarkets Raw,XAUUSD,4608.45,4608.56,0.11,11,Overlap,Friday
2026-01-16 12:50:21,VantageMarkets Raw,XAUUSD,4608.44,4608.52,0.08,8,Overlap,Friday
2026-01-16 12:50:24,FPMarkets Raw,XAUUSD,4608.25,4608.32,0.07,7,Overlap,Friday
2026-01-16 12:51:08,Pepperstone Razor,XAUUSD,4607.91,4608.16,0.25,25,Overlap,Friday
2026-01-16 12:51:12,FusionMarkets Zero,XAUUSD,4607.8,4607.94,0.14,14,Overlap,Friday
2026-01-16 12:51:16,ThinkMarkets ThinkZero,XAUUSD,4607.65,4607.73,0.08,8,Overlap,Friday
2026-01-16 12:51:18,ICMarkets Raw,XAUUSD,4607.28,4607.39,0.11,11,Overlap,Friday
2026-01-16 12:51:21,VantageMarkets Raw,XAUUSD,4606.99,4607.07,0.08,8,Overlap,Friday
2026-01-16 12:51:24,FPMarkets Raw,XAUUSD,4607.05,4607.12,0.07,7,Overlap,Friday
2026-01-16 12:52:08,Pepperstone Razor,XAUUSD,4606.28,4606.49,0.21,21,Overlap,Friday
2026-01-16 12:52:12,FusionMarkets Zero,XAUUSD,4606.47,4606.61,0.14,14,Overlap,Friday
2026-01-16 12:52:15,ThinkMarkets ThinkZero,XAUUSD,4606.29,4606.37,0.08,8,Overlap,Friday
2026-01-16 12:52:18,ICMarkets Raw,XAUUSD,4606.33,4606.44,0.11,11,Overlap,Friday
2026-01-16 12:52:21,VantageMarkets Raw,XAUUSD,4606.26,4606.34,0.08,8,Overlap,Friday
2026-01-16 12:52:24,FPMarkets Raw,XAUUSD,4606.73,4606.8,0.07,7,Overlap,Friday
2026-01-16 12:53:09,Pepperstone Razor,XAUUSD,4605.23,4605.46,0.23,23,Overlap,Friday
2026-01-16 12:53:12,FusionMarkets Zero,XAUUSD,4604.75,4604.89,0.14,14,Overlap,Friday
2026-01-16 12:53:16,ThinkMarkets ThinkZero,XAUUSD,4604.6,4604.68,0.08,8,Overlap,Friday
2026-01-16 12:53:19,ICMarkets Raw,XAUUSD,4604.36,4604.47,0.11,11,Overlap,Friday
2026-01-16 12:53:22,VantageMarkets Raw,XAUUSD,4604.28,4604.36,0.08,8,Overlap,Friday
2026-01-16 12:53:24,FPMarkets Raw,XAUUSD,4604.26,4604.33,0.07,7,Overlap,Friday
2026-01-16 12:54:08,Pepperstone Razor,XAUUSD,4604.42,4604.64,0.22,22,Overlap,Friday
2026-01-16 12:54:12,FusionMarkets Zero,XAUUSD,4604.6,4604.72,0.12,12,Overlap,Friday
2026-01-16 12:54:15,ThinkMarkets ThinkZero,XAUUSD,4604.58,4604.66,0.08,8,Overlap,Friday
2026-01-16 12:54:18,ICMarkets Raw,XAUUSD,4604.61,4604.72,0.11,11,Overlap,Friday
2026-01-16 12:54:21,VantageMarkets Raw,XAUUSD,4604.57,4604.65,0.08,8,Overlap,Friday
2026-01-16 12:54:24,FPMarkets Raw,XAUUSD,4604.49,4604.56,0.07,7,Overlap,Friday
2026-01-16 12:55:09,Pepperstone Razor,XAUUSD,4603.99,4604.22,0.23,23,Overlap,Friday
2026-01-16 12:55:12,FusionMarkets Zero,XAUUSD,4603.88,4604.0,0.12,12,Overlap,Friday
2026-01-16 12:55:16,ThinkMarkets ThinkZero,XAUUSD,4604.21,4604.29,0.08,8,Overlap,Friday
2026-01-16 12:55:19,ICMarkets Raw,XAUUSD,4604.1,4604.21,0.11,11,Overlap,Friday
2026-01-16 12:55:21,VantageMarkets Raw,XAUUSD,4604.23,4604.31,0.08,8,Overlap,Friday
2026-01-16 12:55:25,FPMarkets Raw,XAUUSD,4604.39,4604.46,0.07,7,Overlap,Friday
2026-01-16 12:56:08,Pepperstone Razor,XAUUSD,4603.38,4603.6,0.22,22,Overlap,Friday
2026-01-16 12:56:11,FusionMarkets Zero,XAUUSD,4603.55,4603.69,0.14,14,Overlap,Friday
2026-01-16 12:56:16,ThinkMarkets ThinkZero,XAUUSD,4603.74,4603.82,0.08,8,Overlap,Friday
2026-01-16 12:56:19,ICMarkets Raw,XAUUSD,4603.76,4603.87,0.11,11,Overlap,Friday
2026-01-16 12:56:21,VantageMarkets Raw,XAUUSD,4603.99,4604.07,0.08,8,Overlap,Friday
2026-01-16 12:56:24,FPMarkets Raw,XAUUSD,4604.02,4604.09,0.07,7,Overlap,Friday
2026-01-16 12:57:09,Pepperstone Razor,XAUUSD,4603.82,4603.99,0.17,17,Overlap,Friday
2026-01-16 12:57:12,FusionMarkets Zero,XAUUSD,4603.41,4603.51,0.1,10,Overlap,Friday
2026-01-16 12:57:15,ThinkMarkets ThinkZero,XAUUSD,4603.65,4603.73,0.08,8,Overlap,Friday
2026-01-16 12:57:18,ICMarkets Raw,XAUUSD,4603.06,4603.17,0.11,11,Overlap,Friday
2026-01-16 12:57:22,VantageMarkets Raw,XAUUSD,4603.03,4603.11,0.08,8,Overlap,Friday
2026-01-16 12:57:25,FPMarkets Raw,XAUUSD,4603.06,4603.13,0.07,7,Overlap,Friday
